"rep","n","n0","TPR","FPR","F2"
1,104,18,1,0.116279069767442,0.9
2,178,22,0.136363636363636,0.0256410256410256,0.157894736842105
3,227,10,1,0.0737327188940092,0.757575757575758
4,260,29,1,0.0865800865800866,0.878787878787879
5,122,20,1,0.0588235294117647,0.943396226415094
6,215,15,1,0.22,0.630252100840336
7,138,19,1,0.478991596638655,0.625
8,131,22,1,0.055045871559633,0.948275862068966
9,263,19,1,0.135245901639344,0.7421875
10,141,24,0.0416666666666667,0.0170940170940171,0.0505050505050505
11,191,16,1,0.217142857142857,0.677966101694915
12,208,21,1,0.0855614973262032,0.867768595041322
13,223,26,1,0.0862944162436548,0.884353741496599
14,154,19,1,0.0666666666666667,0.913461538461539
15,128,24,1,0.0384615384615385,0.967741935483871
16,238,20,1,0.105504587155963,0.813008130081301
17,235,20,1,0.0976744186046512,0.826446280991736
18,420,23,1,0.0906801007556675,0.76158940397351
19,129,18,1,0.108108108108108,0.882352941176471
20,204,17,1,0.053475935828877,0.894736842105263
21,190,20,1,0.188235294117647,0.757575757575758
22,352,24,1,0.11890243902439,0.754716981132075
23,240,22,1,0.169724770642202,0.748299319727891
24,229,17,1,0.117924528301887,0.772727272727273
25,363,15,1,0.0804597701149425,0.728155339805825
26,213,23,1,0.2,0.751633986928105
27,214,19,1,0.0871794871794872,0.848214285714286
28,211,22,1,0.116402116402116,0.833333333333333
29,191,17,1,0.0574712643678161,0.894736842105263
30,188,16,1,0.0930232558139535,0.833333333333333
31,124,18,1,0.0377358490566038,0.957446808510638
32,311,26,1,0.119298245614035,0.792682926829268
33,139,18,1,0.272727272727273,0.731707317073171
34,209,17,1,0.15625,0.739130434782609
35,181,22,1,0.0566037735849057,0.92436974789916
36,168,17,1,0.0993377483443709,0.85
37,222,23,1,0.0954773869346734,0.858208955223881
38,135,16,1,0.0252100840336134,0.963855421686747
39,231,18,1,0.0751173708920188,0.849056603773585
40,158,21,1,0.0802919708029197,0.905172413793103
41,220,26,1,0.0721649484536082,0.902777777777778
42,276,18,1,0.0930232558139535,0.789473684210526
43,252,18,1,0.11965811965812,0.76271186440678
44,239,15,1,0.120535714285714,0.735294117647059
45,301,18,1,0.0459363957597173,0.87378640776699
46,199,16,1,0.087431693989071,0.833333333333333
47,252,22,1,0.1,0.827067669172932
48,213,19,1,0.144329896907216,0.772357723577236
49,164,17,1,0.0340136054421769,0.944444444444444
50,110,24,1,0.0348837209302326,0.975609756097561
51,181,30,1,0.139072847682119,0.87719298245614
52,139,29,1,0.218181818181818,0.857988165680473
53,187,24,1,0.233128834355828,0.759493670886076
54,231,10,1,0.0497737556561086,0.819672131147541
55,284,21,1,0.182509505703422,0.686274509803922
56,384,14,1,0.143243243243243,0.569105691056911
57,159,30,1,0.131782945736434,0.898203592814371
58,268,15,1,0.150197628458498,0.663716814159292
59,186,11,1,0.0685714285714286,0.82089552238806
60,195,18,1,0.0451977401129944,0.918367346938776
61,254,24,1,0.147826086956522,0.779220779220779
62,170,16,1,0.103896103896104,0.833333333333333
63,202,21,1,0.110497237569061,0.84
64,237,25,1,0.202830188679245,0.744047619047619
65,182,24,1,0.0822784810126582,0.902255639097744
66,331,18,1,0.10223642172524,0.737704918032787
67,145,25,1,0.191666666666667,0.844594594594595
68,286,21,1,0.132075471698113,0.75
69,151,18,1,0.210526315789474,0.76271186440678
70,164,14,1,0.04,0.921052631578947
71,242,19,1,0.112107623318386,0.791666666666667
72,129,16,1,0.0530973451327434,0.930232558139535
73,256,25,1,0.0432900432900433,0.925925925925926
74,167,21,1,0.0342465753424658,0.954545454545454
75,165,12,1,0.0784313725490196,0.833333333333333
76,281,19,1,0.0610687022900763,0.855855855855856
77,277,20,1,0.0933852140077821,0.806451612903226
78,330,21,1,0.087378640776699,0.795454545454545
79,263,26,1,0.0759493670886076,0.878378378378378
80,171,27,1,0.0902777777777778,0.912162162162162
81,266,19,1,0.145748987854251,0.725190839694656
82,303,15,1,0.152777777777778,0.630252100840336
83,121,28,1,0.182795698924731,0.89171974522293
84,159,24,1,0.037037037037037,0.96
85,219,27,1,0.161458333333333,0.813253012048193
86,261,14,1,0.0607287449392713,0.823529411764706
87,188,19,1,0.0355029585798817,0.940594059405941
88,347,24,1,0.0619195046439628,0.857142857142857
89,208,33,1,0.0742857142857143,0.926966292134832
90,231,14,1,0.0783410138248848,0.804597701149425
91,240,27,1,0.122065727699531,0.838509316770186
92,282,23,1,0.0965250965250965,0.821428571428571
93,112,23,1,0.0898876404494382,0.934959349593496
94,218,22,1,0.0663265306122449,0.894308943089431
95,233,21,1,0.0754716981132075,0.867768595041322
96,185,15,1,0.0294117647058824,0.9375
97,128,15,1,0.079646017699115,0.892857142857143
98,161,23,1,0.123188405797101,0.871212121212121
99,197,23,1,0.120689655172414,0.845588235294118
100,171,28,1,0.034965034965035,0.96551724137931
101,273,21,1,0.0674603174603175,0.860655737704918
102,271,16,1,0.101960784313725,0.754716981132075
103,138,32,1,0.273584905660377,0.846560846560847
104,193,18,1,0.0285714285714286,0.947368421052632
105,239,15,1,0.0535714285714286,0.862068965517241
106,122,27,1,0.115789473684211,0.924657534246575
107,237,20,1,0.0460829493087558,0.909090909090909
108,327,24,1,0.491749174917492,0.446096654275093
109,270,14,1,0.1015625,0.729166666666667
110,151,16,1,0.0888888888888889,0.869565217391304
111,197,28,1,0.0650887573964497,0.927152317880795
112,228,21,1,0.202898550724638,0.714285714285714
113,225,6,1,0.123287671232877,0.526315789473684
114,131,22,1,0.0825688073394495,0.92436974789916
115,125,20,1,0.0380952380952381,0.961538461538461
116,240,19,1,0.0633484162895928,0.871559633027523
117,379,24,1,0.0929577464788732,0.784313725490196
118,270,13,1,0.143968871595331,0.637254901960784
119,110,25,1,0.0588235294117647,0.961538461538461
120,248,16,1,0.103448275862069,0.769230769230769
121,220,32,1,0.0425531914893617,0.952380952380952
122,186,32,1,0.201298701298701,0.837696335078534
123,246,16,1,0.134782608695652,0.720720720720721
124,319,17,1,0.0860927152317881,0.765765765765766
125,150,24,1,0.0476190476190476,0.952380952380952
126,193,21,1,0.0581395348837209,0.91304347826087
127,361,20,1,0.0439882697947214,0.869565217391304
128,162,17,1,0.110344827586207,0.841584158415842
129,173,27,1,0.171232876712329,0.84375
130,168,27,1,0.170212765957447,0.849056603773585
131,105,18,1,0.241379310344828,0.810810810810811
132,351,22,1,0.0516717325227964,0.866141732283464
133,247,23,1,0.0758928571428571,0.871212121212121
134,232,22,1,0.223809523809524,0.700636942675159
135,334,23,1,0.0932475884244373,0.798611111111111
136,158,20,1,0.115942028985507,0.862068965517241
137,197,25,1,0.0813953488372093,0.899280575539568
138,204,22,1,0.0274725274725275,0.956521739130435
139,168,18,1,0.06,0.909090909090909
140,164,25,1,0.115107913669065,0.886524822695036
141,252,13,1,0.0627615062761506,0.8125
142,269,24,1,0.126530612244898,0.794701986754967
143,138,18,1,0.35,0.681818181818182
144,199,25,1,0.0977011494252874,0.880281690140845
145,126,30,1,0.208333333333333,0.882352941176471
146,229,33,1,0.11734693877551,0.877659574468085
147,323,28,1,0.108474576271186,0.813953488372093
148,187,24,1,0.104294478527607,0.875912408759124
149,191,25,1,0.0542168674698795,0.932835820895522
150,199,20,1,0.0893854748603352,0.862068965517241
151,142,21,1,0.0330578512396694,0.963302752293578
152,342,12,1,0.0818181818181818,0.689655172413793
153,285,28,1,0.108949416342412,0.833333333333333
154,210,26,1,0.108695652173913,0.866666666666667
155,281,25,1,0.05078125,0.905797101449275
156,168,23,1,0.193103448275862,0.804195804195804
157,300,20,1,0.103571428571429,0.775193798449612
158,117,13,1,0.0961538461538462,0.866666666666667
159,156,21,1,0.325925925925926,0.704697986577181
160,405,23,1,0.109947643979058,0.732484076433121
161,332,30,1,0.076158940397351,0.867052023121387
162,189,26,1,0.196319018404908,0.802469135802469
163,206,22,1,0.0652173913043478,0.901639344262295
164,130,17,0.0588235294117647,0.0176991150442478,0.0704225352112676
165,306,17,1,0.0899653979238754,0.765765765765766
166,143,19,1,0.120967741935484,0.863636363636364
167,250,15,1,0.0638297872340425,0.833333333333333
168,156,19,1,0.0583941605839416,0.922330097087379
169,223,23,1,0.05,0.92
170,233,19,1,0.130841121495327,0.772357723577236
171,137,23,1,0.0964912280701754,0.912698412698413
172,165,16,1,0.0738255033557047,0.879120879120879
173,205,23,1,0.032967032967033,0.950413223140496
174,345,21,1,0.12962962962963,0.714285714285714
175,327,21,1,0.065359477124183,0.84
176,211,24,1,0.0695187165775401,0.902255639097744
177,142,26,1,0.0689655172413793,0.942028985507246
178,161,19,1,0.126760563380282,0.84070796460177
179,120,17,1,0.0776699029126214,0.913978494623656
180,192,17,1,0.142857142857143,0.772727272727273
181,214,18,1,0.163265306122449,0.737704918032787
182,276,25,1,0.119521912350598,0.806451612903226
183,304,21,1,0.0671378091872792,0.846774193548387
184,251,22,1,0.0873362445414847,0.846153846153846
185,160,19,1,0.163120567375887,0.805084745762712
186,235,25,1,0.161904761904762,0.786163522012579
187,129,18,1,0.0990990990990991,0.891089108910891
188,376,20,1,0.0842696629213483,0.769230769230769
189,114,25,1,0.269662921348315,0.838926174496644
190,304,22,1,0.148936170212766,0.723684210526316
191,106,14,1,0.0869565217391304,0.897435897435897
192,352,18,1,0.131736526946108,0.671641791044776
193,212,19,1,0.150259067357513,0.766129032258065
194,162,22,1,0.0785714285714286,0.909090909090909
195,151,22,1,0.341085271317829,0.714285714285714
196,226,25,1,0.109452736318408,0.850340136054422
197,142,24,1,0.0847457627118644,0.923076923076923
198,249,20,1,0.11353711790393,0.793650793650794
199,141,21,1,0.0416666666666667,0.954545454545454
200,344,22,1,0.0745341614906832,0.82089552238806
201,141,19,1,0.0737704918032787,0.913461538461539
202,202,28,1,0.0517241379310345,0.939597315436242
203,190,19,1,0.181286549707602,0.753968253968254
204,205,23,1,0.159340659340659,0.798611111111111
205,221,21,1,0.1,0.84
206,287,19,1,0.0858208955223881,0.805084745762712
207,248,12,1,0.0635593220338983,0.8
208,251,22,1,0.0873362445414847,0.846153846153846
209,185,24,1,0.031055900621118,0.96
210,146,23,1,0.0975609756097561,0.905511811023622
211,168,15,1,0.0392156862745098,0.925925925925926
212,216,22,1,0.0979381443298969,0.852713178294574
213,175,23,1,0.0657894736842105,0.92
214,211,17,1,0.0412371134020619,0.913978494623656
215,112,21,1,0.21978021978022,0.84
216,240,18,1,0.126126126126126,0.76271186440678
217,156,13,1,0.132867132867133,0.773809523809524
218,254,23,1,0.038961038961039,0.92741935483871
219,205,18,1,0.0588235294117647,0.891089108910891
220,128,21,1,0.0560747663551402,0.945945945945946
221,202,19,1,0.0655737704918033,0.88785046728972
222,299,23,1,0.0615942028985507,0.871212121212121
223,114,29,1,0.341176470588235,0.833333333333333
224,183,26,1,0.24203821656051,0.773809523809524
225,177,22,1,0.0838709677419355,0.894308943089431
226,230,18,1,0.080188679245283,0.841121495327103
227,148,19,1,0.178294573643411,0.805084745762712
228,239,13,1,0.154867256637168,0.65
229,229,31,1,0.095959595959596,0.89080459770115
230,275,23,1,0.0952380952380952,0.827338129496403
231,154,22,1,0.121212121212121,0.873015873015873
232,148,28,1,0.0416666666666667,0.96551724137931
233,277,25,1,0.123015873015873,0.801282051282051
234,160,18,1,0.112676056338028,0.849056603773585
235,373,20,1,0.0878186968838527,0.763358778625954
236,294,21,1,0.0659340659340659,0.853658536585366
237,212,26,1,0.17741935483871,0.797546012269939
238,284,22,1,0.0610687022900763,0.873015873015873
239,210,16,1,0.0618556701030928,0.869565217391304
240,158,21,1,0.072992700729927,0.91304347826087
241,268,17,1,0.0836653386454183,0.80188679245283
242,248,14,1,0.0683760683760684,0.813953488372093
243,110,10,1,0.04,0.925925925925926
244,210,20,1,0.2,0.72463768115942
245,148,21,1,0.047244094488189,0.945945945945946
246,306,24,1,0.106382978723404,0.8
247,143,17,1,0.30952380952381,0.685483870967742
248,296,27,1,0.0520446096654275,0.906040268456376
249,128,27,1,0.0792079207920792,0.944055944055944
250,253,24,1,0.0480349344978166,0.916030534351145
251,133,28,1,0.0761904761904762,0.945945945945946
252,239,18,1,0.113122171945701,0.782608695652174
253,402,22,1,0.157894736842105,0.647058823529412
254,271,15,1,0.109375,0.728155339805825
255,236,18,1,0.0688073394495413,0.857142857142857
256,222,18,1,0.137254901960784,0.76271186440678
257,151,17,1,0.0671641791044776,0.904255319148936
258,420,21,1,0.12531328320802,0.67741935483871
259,313,24,1,0.124567474048443,0.769230769230769
260,281,13,1,0.0485074626865672,0.833333333333333
261,159,24,1,0.0814814814814815,0.916030534351145
262,168,20,1,0.0608108108108108,0.917431192660551
263,206,24,1,0.0604395604395604,0.916030534351145
264,236,28,1,0.0721153846153846,0.903225806451613
265,233,21,1,0.0754716981132075,0.867768595041322
266,125,22,1,0.029126213592233,0.973451327433628
267,164,21,1,0.146853146853147,0.833333333333333
268,214,29,1,0.281081081081081,0.736040609137056
269,194,26,1,0.0416666666666667,0.948905109489051
270,240,25,1,0.111627906976744,0.838926174496644
271,166,30,1,0.455882352941176,0.707547169811321
272,376,23,1,0.0764872521246459,0.809859154929578
273,252,18,1,0.094017094017094,0.803571428571429
274,195,22,1,0.092485549132948,0.873015873015873
275,123,13,1,0.118181818181818,0.833333333333333
276,129,23,1,0.00943396226415094,0.991379310344828
277,96,15,1,0.395061728395062,0.700934579439252
278,227,24,1,0.083743842364532,0.875912408759124
279,206,19,1,0.053475935828877,0.904761904761905
280,233,15,1,0.110091743119266,0.757575757575758
281,268,20,1,0.112903225806452,0.78125
282,107,27,1,0.1125,0.9375
283,136,14,1,0.245901639344262,0.7
284,153,21,1,0.0909090909090909,0.897435897435897
285,323,24,1,0.096989966555184,0.805369127516778
286,250,24,1,0.0575221238938053,0.902255639097744
287,108,19,1,0.0786516853932584,0.931372549019608
288,247,22,1,0.0577777777777778,0.894308943089431
289,147,16,1,0.0610687022900763,0.909090909090909
290,174,16,1,0.0506329113924051,0.909090909090909
291,175,20,1,0.0903225806451613,0.87719298245614
292,148,16,1,0.0757575757575758,0.888888888888889
293,272,25,1,0.186234817813765,0.730994152046784
294,145,24,1,0.165289256198347,0.857142857142857
295,281,19,1,0.083969465648855,0.811965811965812
296,169,25,1,0.194444444444444,0.816993464052288
297,252,14,1,0.105042016806723,0.736842105263158
298,265,23,1,0.276859504132231,0.631868131868132
299,175,20,1,0.0838709677419355,0.884955752212389
300,259,17,1,0.0537190082644628,0.86734693877551
301,163,10,1,0.0784313725490196,0.806451612903226
302,229,20,1,0.0813397129186603,0.854700854700855
303,198,16,1,0.0549450549450549,0.888888888888889
304,311,18,1,0.0648464163822526,0.825688073394495
305,225,16,1,0.0669856459330144,0.851063829787234
306,186,23,1,0.0245398773006135,0.966386554621849
307,227,20,1,0.0434782608695652,0.917431192660551
308,170,26,1,0.138888888888889,0.866666666666667
309,224,16,1,0.283653846153846,0.575539568345324
310,116,17,1,0.111111111111111,0.885416666666667
311,120,10,1,0.0272727272727273,0.943396226415094
312,123,25,1,0.0714285714285714,0.946969696969697
313,209,19,1,0.0947368421052632,0.84070796460177
314,281,14,1,0.0898876404494382,0.74468085106383
315,207,24,1,0.136612021857924,0.827586206896552
316,202,14,1,0.111702127659574,0.769230769230769
317,160,13,1,0.217687074829932,0.670103092783505
318,219,21,1,0.0757575757575758,0.875
319,388,19,1,0.0840108401084011,0.753968253968254
320,355,20,1,0.0626865671641791,0.826446280991736
321,207,20,1,0.213903743315508,0.714285714285714
322,268,21,1,0.0607287449392713,0.875
323,254,22,1,0.116379310344828,0.802919708029197
324,262,22,1,0.108333333333333,0.808823529411765
325,263,25,1,0.0588235294117647,0.899280575539568
326,296,25,1,0.0996309963099631,0.822368421052631
327,215,18,1,0.142131979695431,0.76271186440678
328,197,26,1,0.087719298245614,0.896551724137931
329,252,15,1,0.118143459915612,0.728155339805825
330,233,13,1,0.118181818181818,0.714285714285714
331,285,26,1,0.11969111969112,0.807453416149068
332,283,18,1,0.0905660377358491,0.789473684210526
333,203,20,1,0.092896174863388,0.854700854700855
334,336,18,1,0.0754716981132075,0.789473684210526
335,317,19,1,0.0838926174496644,0.791666666666667
336,268,19,1,0.120481927710843,0.76
337,217,17,1,0.075,0.85
338,161,18,1,0.041958041958042,0.9375
339,212,20,1,0.046875,0.917431192660551
340,139,15,1,0.0967741935483871,0.862068965517241
341,183,14,1,0.106508875739645,0.795454545454545
342,306,18,1,0.118055555555556,0.725806451612903
343,363,17,1,0.11271676300578,0.685483870967742
344,236,20,1,0.222222222222222,0.675675675675676
345,180,16,1,0.0792682926829268,0.860215053763441
346,177,25,1,0.0328947368421053,0.961538461538461
347,143,23,1,0.0333333333333333,0.966386554621849
348,342,14,1,0.103658536585366,0.673076923076923
349,149,17,1,0.0909090909090909,0.876288659793814
350,223,17,1,0.058252427184466,0.876288659793814
351,399,15,1,0.0755208333333333,0.721153846153846
352,225,17,1,0.0625,0.86734693877551
353,127,24,1,0.145631067961165,0.888888888888889
354,137,23,1,0.350877192982456,0.741935483870968
355,311,22,1,0.0934256055363322,0.802919708029197
356,186,23,1,0.0858895705521472,0.891472868217054
357,208,19,1,0.121693121693122,0.805084745762712
358,151,21,1,0.123076923076923,0.867768595041322
359,111,19,1,0.0760869565217391,0.931372549019608
360,143,17,1,0.0793650793650794,0.894736842105263
361,241,21,1,0.163636363636364,0.74468085106383
362,337,21,1,0.0791139240506329,0.807692307692308
363,195,16,1,0.0949720670391061,0.824742268041237
364,220,13,1,0.0434782608695652,0.878378378378378
365,230,13,1,0.0967741935483871,0.755813953488372
366,106,20,1,0.232558139534884,0.833333333333333
367,197,23,1,0.0574712643678161,0.92
368,230,22,1,0.125,0.808823529411765
369,117,22,1,0.0526315789473684,0.956521739130435
370,203,22,1,0.0441988950276243,0.932203389830508
371,347,18,1,0.112462006079027,0.708661417322835
372,434,16,1,0.0550239234449761,0.776699029126214
373,270,14,1,0.07421875,0.786516853932584
374,260,21,1,0.158995815899582,0.734265734265734
375,132,15,1,0.145299145299145,0.815217391304348
376,243,17,1,0.0575221238938053,0.86734693877551
377,178,19,1,0.0880503144654088,0.871559633027523
378,124,15,1,0.0917431192660551,0.882352941176471
379,164,20,1,0.229166666666667,0.75187969924812
380,215,18,1,0.050761421319797,0.9
381,186,26,1,0.04375,0.948905109489051
382,213,21,1,0.0677083333333333,0.889830508474576
383,264,26,1,0.168067226890756,0.764705882352941
384,298,27,1,0.0738007380073801,0.870967741935484
385,192,20,1,0.063953488372093,0.900900900900901
386,243,29,1,0.0981308411214953,0.873493975903614
387,108,22,1,0.0697674418604651,0.948275862068966
388,151,18,1,0.037593984962406,0.947368421052632
389,295,21,1,0.113138686131387,0.772058823529412
390,131,14,1,0.0598290598290598,0.909090909090909
391,269,21,1,0.104838709677419,0.801526717557252
392,429,25,1,0.202970297029703,0.603864734299517
393,171,19,1,0.0131578947368421,0.979381443298969
394,191,26,1,0.181818181818182,0.8125
395,371,25,1,0.109826589595376,0.766871165644172
396,181,18,1,0.104294478527607,0.841121495327103
397,320,23,1,0.195286195286195,0.664739884393064
398,147,27,1,0.0666666666666667,0.944055944055944
399,169,14,1,0.0258064516129032,0.945945945945946
400,203,20,1,0.0546448087431694,0.909090909090909
401,137,16,1,0.140495867768595,0.824742268041237
402,480,22,1,0.0982532751091703,0.709677419354839
403,329,21,1,0.126623376623377,0.729166666666667
404,184,16,1,0.0833333333333333,0.851063829787234
405,153,21,1,0.0681818181818182,0.921052631578947
406,196,20,1,0.0909090909090909,0.862068965517241
407,241,13,1,0.12280701754386,0.698924731182796
408,329,15,1,0.0955414012738854,0.714285714285714
409,244,22,1,0.0495495495495495,0.909090909090909
410,134,16,1,0.076271186440678,0.898876404494382
411,218,17,1,0.223880597014925,0.653846153846154
412,172,19,1,0.104575163398693,0.855855855855856
413,220,18,1,0.0643564356435644,0.87378640776699
414,304,20,1,0.0880281690140845,0.8
415,210,26,1,0.184782608695652,0.792682926829268
416,182,25,1,0.133757961783439,0.856164383561644
417,124,21,1,0.0679611650485437,0.9375
418,158,21,1,0.0802919708029197,0.905172413793103
419,288,19,1,0.0483271375464684,0.87962962962963
420,251,30,1,0.113122171945701,0.857142857142857
421,235,26,1,0.0669856459330144,0.902777777777778
422,278,18,1,0.138461538461538,0.714285714285714
423,218,27,1,0.0732984293193717,0.906040268456376
424,277,32,1,0.281632653061224,0.698689956331878
425,312,22,1,0.110344827586207,0.774647887323944
426,198,17,1,0.116022099447514,0.80188679245283
427,205,22,1,0.0601092896174863,0.909090909090909
428,248,19,1,0.0698689956331878,0.855855855855856
429,270,26,1,0.0942622950819672,0.849673202614379
430,260,25,1,0.148936170212766,0.78125
431,210,22,1,0.0797872340425532,0.88
432,172,28,1,0.3125,0.756756756756757
433,124,12,1,0.116071428571429,0.821917808219178
434,266,20,1,0.0609756097560976,0.869565217391304
435,288,23,1,0.0830188679245283,0.839416058394161
436,272,11,1,0.210727969348659,0.5
437,105,18,1,0.103448275862069,0.909090909090909
438,167,23,0.0434782608695652,0,0.053763440860215
439,136,16,1,0.0666666666666667,0.909090909090909
440,202,22,1,0.0166666666666667,0.973451327433628
441,249,15,1,0.0769230769230769,0.806451612903226
442,239,19,1,0.0272727272727273,0.940594059405941
443,117,22,1,0.115789473684211,0.909090909090909
444,186,16,1,0.182352941176471,0.720720720720721
445,193,17,1,0.0625,0.885416666666667
446,161,25,1,0.0588235294117647,0.93984962406015
447,235,27,1,0.129807692307692,0.833333333333333
448,239,16,1,0.0852017937219731,0.808080808080808
449,154,17,1,0.0656934306569343,0.904255319148936
450,194,16,1,0.0786516853932584,0.851063829787234
451,331,24,1,0.11400651465798,0.774193548387097
452,305,26,1,0.0752688172043011,0.860927152317881
453,155,20,1,0.266666666666667,0.735294117647059
454,215,32,1,0.0437158469945355,0.952380952380952
455,195,21,1,0.454022988505747,0.570652173913044
456,150,21,1,0.286821705426357,0.73943661971831
457,128,13,1,0.0782608695652174,0.878378378378378
458,275,21,1,0.114173228346457,0.783582089552239
459,101,18,1,0.144578313253012,0.882352941176471
460,279,20,1,0.0810810810810811,0.826446280991736
461,302,23,1,0.0537634408602151,0.884615384615385
462,419,17,1,0.111940298507463,0.653846153846154
463,196,14,1,0.0714285714285714,0.843373493975904
464,154,26,1,0.171875,0.855263157894737
465,183,18,1,0.0484848484848485,0.918367346938776
466,154,23,1,0.0763358778625954,0.92
467,166,27,1,0.280575539568345,0.775862068965517
468,242,18,1,0.0892857142857143,0.818181818181818
469,164,16,1,0.0878378378378378,0.860215053763441
470,220,9,1,0.0758293838862559,0.737704918032787
471,151,27,1,0.0887096774193548,0.924657534246575
472,216,19,1,0.137055837563452,0.778688524590164
473,138,24,1,0.0614035087719298,0.94488188976378
474,177,17,1,0.125,0.80952380952381
475,331,22,1,0.0711974110032362,0.833333333333333
476,141,24,1,0.179487179487179,0.851063829787234
477,143,14,1,0.0852713178294574,0.864197530864198
478,129,23,1,0.0754716981132075,0.934959349593496
479,209,23,1,0.161290322580645,0.793103448275862
480,260,22,1,0.100840336134454,0.82089552238806
481,245,21,1,0.142857142857143,0.766423357664234
482,158,17,1,0.113475177304965,0.841584158415842
483,199,23,1,0.113636363636364,0.851851851851852
484,295,18,1,0.0866425992779783,0.789473684210526
485,213,15,1,0.212121212121212,0.641025641025641
486,286,14,1,0.106617647058824,0.707070707070707
487,147,20,1,0.125984251968504,0.862068965517241
488,298,18,1,0.0535714285714286,0.857142857142857
489,323,19,1,0.0953947368421053,0.766129032258065
490,121,18,1,0.184466019417476,0.825688073394495
491,104,22,1,0.24390243902439,0.846153846153846
492,157,19,1,0.0942028985507246,0.87962962962963
493,134,26,1,0.314814814814815,0.792682926829268
494,161,11,1,0.0466666666666667,0.887096774193548
495,183,20,1,0.0552147239263804,0.917431192660551
496,273,13,1,0.142307692307692,0.637254901960784
497,219,21,1,0.0656565656565657,0.889830508474576
498,214,16,1,0.171717171717172,0.701754385964912
499,109,26,1,0.0602409638554217,0.962962962962963
500,338,17,1,0.0716510903426791,0.787037037037037
501,130,19,1,0.0720720720720721,0.922330097087379
502,259,19,1,0.075,0.84070796460177
503,194,21,1,0.092485549132948,0.867768595041322
504,217,17,1,0.1,0.80952380952381
505,194,19,1,0.114285714285714,0.826086956521739
506,144,31,1,0.115044247787611,0.922619047619048
507,155,19,1,0.117647058823529,0.855855855855856
508,277,20,1,0.140077821011673,0.735294117647059
509,189,25,1,0.134146341463415,0.850340136054422
510,226,21,1,0.0780487804878049,0.867768595041322
511,153,16,1,0.0656934306569343,0.898876404494382
512,205,17,1,0.0638297872340425,0.876288659793814
513,224,16,1,0.0961538461538462,0.8
514,118,20,1,0.0918367346938776,0.917431192660551
515,233,12,1,0.0452488687782805,0.857142857142857
516,271,12,1,0.0579150579150579,0.8
517,143,17,1,0.0317460317460317,0.955056179775281
518,121,16,1,0.0761904761904762,0.909090909090909
519,186,19,1,0.0239520958083832,0.959595959595959
520,219,25,1,0.108247422680412,0.856164383561644
521,243,19,1,0.116071428571429,0.785123966942149
522,178,23,1,0.167741935483871,0.815602836879433
523,102,20,1,0.207317073170732,0.854700854700855
524,140,24,1,0.275862068965517,0.789473684210526
525,184,15,1,0.0532544378698225,0.892857142857143
526,219,22,1,0.0609137055837563,0.901639344262295
527,232,16,1,0.087962962962963,0.808080808080808
528,207,11,1,0.127551020408163,0.6875
529,415,14,1,0.107231920199501,0.619469026548673
530,154,18,1,0.0882352941176471,0.882352941176471
531,342,10,1,0.11144578313253,0.574712643678161
532,202,23,1,0.100558659217877,0.864661654135338
533,195,23,1,0.11046511627907,0.858208955223881
534,357,16,1,0.0469208211143695,0.833333333333333
535,212,28,1,0.157608695652174,0.828402366863905
536,112,17,1,0.0526315789473684,0.944444444444444
537,193,21,1,0.0988372093023256,0.860655737704918
538,215,25,1,0.0842105263157895,0.886524822695036
539,257,13,1,0.0327868852459016,0.89041095890411
540,227,15,1,0.0518867924528302,0.872093023255814
541,257,17,1,0.0833333333333333,0.80952380952381
542,107,24,0.0416666666666667,0.036144578313253,0.05
543,180,23,1,0.0764331210191083,0.905511811023622
544,125,21,0.952380952380952,0.0961538461538462,0.87719298245614
545,163,19,1,0.0902777777777778,0.87962962962963
546,361,18,1,0.174927113702624,0.6
547,149,17,1,0.0833333333333333,0.885416666666667
548,393,21,1,0.0591397849462366,0.826771653543307
549,230,19,1,0.0568720379146919,0.88785046728972
550,232,22,1,0.0714285714285714,0.88
551,160,22,1,0.384057971014493,0.674846625766871
552,110,26,1,0.25,0.860927152317881
553,206,18,1,0.0638297872340425,0.882352941176471
554,309,18,1,0.164948453608247,0.652173913043478
555,301,16,1,0.0842105263157895,0.769230769230769
556,292,19,1,0.0512820512820513,0.871559633027523
557,203,23,1,0.111111111111111,0.851851851851852
558,111,24,1,0.241379310344828,0.851063829787234
559,190,20,1,0.0823529411764706,0.87719298245614
560,412,16,1,0.0681818181818182,0.747663551401869
561,244,30,1,0.158878504672897,0.815217391304348
562,200,19,1,0.104972375690608,0.833333333333333
563,335,14,1,0.105919003115265,0.673076923076923
564,199,21,1,0.134831460674157,0.813953488372093
565,149,17,1,0.0606060606060606,0.913978494623656
566,167,20,1,0.156462585034014,0.813008130081301
567,258,18,1,0.0791666666666667,0.825688073394495
568,123,23,1,0.1,0.92
569,181,17,1,0.0304878048780488,0.944444444444444
570,111,27,0,0.0119047619047619,0
571,226,28,1,0.181818181818182,0.795454545454545
572,149,24,1,0.072,0.930232558139535
573,263,15,1,0.0887096774193548,0.77319587628866
574,120,15,1,0.0857142857142857,0.892857142857143
575,192,27,1,0.103030303030303,0.888157894736842
576,139,23,1,0.0948275862068965,0.912698412698413
577,366,23,1,0.21865889212828,0.605263157894737
578,347,24,1,0.108359133126935,0.774193548387097
579,243,20,1,0.0269058295964126,0.943396226415094
580,314,21,1,0.0921501706484642,0.795454545454545
581,183,18,1,0.0242424242424242,0.957446808510638
582,141,17,1,0.032258064516129,0.955056179775281
583,200,19,1,0.370165745856354,0.58641975308642
584,304,23,1,0.0889679715302491,0.821428571428571
585,133,22,1,0.324324324324324,0.753424657534247
586,132,22,1,0.172727272727273,0.852713178294574
587,262,20,1,0.0950413223140496,0.813008130081301
588,249,15,1,0.0811965811965812,0.797872340425532
589,139,13,1,0.0634920634920635,0.89041095890411
590,193,18,1,0.125714285714286,0.803571428571429
591,172,10,1,0.0864197530864197,0.78125
592,356,27,1,0.0790273556231003,0.838509316770186
593,229,20,1,0.0861244019138756,0.847457627118644
594,124,15,1,0.256880733944954,0.728155339805825
595,136,20,1,0.0862068965517241,0.909090909090909
596,178,14,1,0.115853658536585,0.786516853932584
597,242,24,1,0.0963302752293578,0.851063829787234
598,287,20,1,0.131086142322097,0.740740740740741
599,156,23,1,0.150375939849624,0.851851851851852
600,274,16,1,0.116279069767442,0.727272727272727
601,195,15,1,0.0722222222222222,0.852272727272727
602,202,31,1,0.157894736842105,0.851648351648352
603,244,20,1,0.169642857142857,0.72463768115942
604,321,18,1,0.0759075907590759,0.796460176991151
605,105,12,1,0.279569892473118,0.697674418604651
606,216,27,1,0.0740740740740741,0.906040268456376
607,279,20,1,0.0772200772200772,0.833333333333333
608,282,11,1,0.103321033210332,0.662650602409638
609,137,15,1,0.286885245901639,0.681818181818182
610,214,27,1,0.160427807486631,0.818181818181818
611,217,13,1,0.0735294117647059,0.8125
612,274,31,1,0.0823045267489712,0.885714285714286
613,168,9,1,0.0754716981132075,0.789473684210526
614,133,19,1,0.149122807017544,0.848214285714286
615,246,17,1,0.104803493449782,0.779816513761468
616,330,23,1,0.0944625407166124,0.798611111111111
617,182,21,1,0.0807453416149068,0.889830508474576
618,271,18,1,0.08300395256917,0.810810810810811
619,230,27,1,0.12807881773399,0.838509316770186
620,245,21,1,0.0535714285714286,0.897435897435897
621,268,23,1,0.0775510204081633,0.858208955223881
622,272,17,1,0.0588235294117647,0.85
623,159,21,1,0.0652173913043478,0.921052631578947
624,263,24,1,0.112970711297071,0.816326530612245
625,159,25,1,0.0671641791044776,0.932835820895522
626,128,20,1,0.287037037037037,0.763358778625954
627,301,16,1,0.119298245614035,0.701754385964912
628,193,17,1,0.0397727272727273,0.923913043478261
629,247,21,1,0.079646017699115,0.853658536585366
630,184,15,1,0.106508875739645,0.806451612903226
631,186,10,1,0.107954545454545,0.72463768115942
632,291,15,1,0.108695652173913,0.714285714285714
633,240,19,1,0.0995475113122172,0.811965811965812
634,119,19,1,0.09,0.913461538461539
635,298,21,1,0.0902527075812274,0.807692307692308
636,175,19,1,0.0769230769230769,0.88785046728972
637,136,14,1,0.0327868852459016,0.945945945945946
638,168,15,1,0.150326797385621,0.76530612244898
639,322,19,1,0.0924092409240924,0.772357723577236
640,241,19,1,0.0855855855855856,0.833333333333333
641,154,23,1,0.083969465648855,0.912698412698413
642,116,17,1,0.0909090909090909,0.904255319148936
643,162,23,1,0.0359712230215827,0.958333333333333
644,169,21,1,0.0810810810810811,0.897435897435897
645,260,15,1,0.0816326530612245,0.789473684210526
646,305,22,1,0.109540636042403,0.780141843971631
647,157,24,1,0.0827067669172932,0.916030534351145
648,194,21,1,0.138728323699422,0.813953488372093
649,141,23,1,0.0338983050847458,0.966386554621849
650,307,19,1,0.170138888888889,0.659722222222222
651,429,23,1,0.0985221674876847,0.741935483870968
652,196,22,1,0.0977011494252874,0.866141732283464
653,303,32,1,0.0848708487084871,0.87431693989071
654,221,17,1,0.0392156862745098,0.913978494623656
655,161,13,0.923076923076923,0.0337837837837838,0.869565217391304
656,143,15,1,0.109375,0.842696629213483
657,172,29,1,0.118881118881119,0.895061728395062
658,205,27,1,0.101123595505618,0.882352941176471
659,234,16,1,0.211009174311927,0.634920634920635
660,301,18,1,0.173144876325088,0.647482014388489
661,130,9,1,0.0661157024793388,0.849056603773585
662,277,23,1,0.047244094488189,0.905511811023622
663,409,13,1,0.0883838383838384,0.65
664,337,19,1,0.10377358490566,0.7421875
665,515,17,1,0.0622489959839357,0.732758620689655
666,150,21,1,0.0542635658914729,0.9375
667,146,22,1,0.185483870967742,0.827067669172932
668,183,19,1,0.0731707317073171,0.88785046728972
669,234,14,1,0.104545454545455,0.752688172043011
670,261,12,1,0.120481927710843,0.666666666666667
671,169,27,1,0.0845070422535211,0.918367346938776
672,113,16,1,0.309278350515464,0.727272727272727
673,233,17,1,0.0601851851851852,0.86734693877551
674,213,27,1,0.204301075268817,0.780346820809249
675,163,20,1,0.104895104895105,0.869565217391304
676,278,14,1,0.0909090909090909,0.74468085106383
677,166,19,1,0.0748299319727891,0.89622641509434
678,192,22,1,0.0647058823529412,0.909090909090909
679,170,15,1,0.103225806451613,0.824175824175824
680,147,22,1,0.072,0.92436974789916
681,215,22,1,0.0569948186528497,0.909090909090909
682,212,17,1,0.0666666666666667,0.86734693877551
683,218,21,1,0.0862944162436548,0.860655737704918
684,216,21,1,0.169230769230769,0.760869565217391
685,358,28,1,0.139393939393939,0.752688172043011
686,163,24,1,0.0287769784172662,0.967741935483871
687,177,27,1,0.113333333333333,0.888157894736842
688,223,16,1,0.0676328502415459,0.851063829787234
689,152,15,1,0.0145985401459854,0.974025974025974
690,206,24,1,0.0494505494505494,0.930232558139535
691,106,21,1,0.2,0.860655737704918
692,238,21,1,0.0967741935483871,0.833333333333333
693,200,27,1,0.115606936416185,0.870967741935484
694,125,15,1,0.0181818181818182,0.974025974025974
695,232,17,1,0.125581395348837,0.758928571428571
696,291,18,1,0.0952380952380952,0.775862068965517
697,195,24,1,0.064327485380117,0.916030534351145
698,158,18,1,0.157142857142857,0.803571428571429
699,253,19,1,0.111111111111111,0.785123966942149
700,291,25,1,0.12781954887218,0.786163522012579
701,345,27,1,0.119496855345912,0.780346820809249
702,259,24,1,0.0765957446808511,0.869565217391304
703,282,11,1,0.132841328413284,0.604395604395604
704,211,18,1,0.0673575129533679,0.87378640776699
705,155,17,1,0.130434782608696,0.825242718446602
706,264,18,1,0.113821138211382,0.76271186440678
707,250,15,1,0.114893617021277,0.735294117647059
708,249,24,1,0.0533333333333333,0.909090909090909
709,215,19,1,0.112244897959184,0.811965811965812
710,148,21,1,0.102362204724409,0.889830508474576
711,204,26,1,0.0730337078651685,0.909090909090909
712,204,22,1,0.148351648351648,0.802919708029197
713,223,16,1,0.0628019323671498,0.860215053763441
714,252,25,1,0.066079295154185,0.892857142857143
715,384,25,1,0.100278551532033,0.77639751552795
716,235,12,1,0.233183856502242,0.535714285714286
717,251,22,1,0.0786026200873362,0.859375
718,131,16,1,0.0782608695652174,0.898876404494382
719,176,19,1,0.114649681528662,0.84070796460177
720,102,17,1,0.0588235294117647,0.944444444444444
721,225,29,1,0.147959183673469,0.833333333333333
722,221,21,1,0.06,0.897435897435897
723,217,25,1,0.197916666666667,0.766871165644172
724,291,17,1,0.0839416058394161,0.787037037037037
725,148,23,1,0.36,0.71875
726,235,30,1,0.141463414634146,0.837988826815642
727,592,16,1,0.100694444444444,0.579710144927536
728,384,19,1,0.073972602739726,0.778688524590164
729,160,15,1,0.0620689655172414,0.892857142857143
730,252,16,1,0.0847457627118644,0.8
731,145,25,1,0.183333333333333,0.850340136054422
732,292,14,1,0.0899280575539568,0.736842105263158
733,129,19,1,0.0636363636363636,0.931372549019608
734,228,12,1,0.12962962962963,0.681818181818182
735,182,23,1,0.176100628930818,0.804195804195804
736,319,28,1,0.11340206185567,0.809248554913295
737,252,15,1,0.0717299578059072,0.815217391304348
738,187,25,1,0.0493827160493827,0.93984962406015
739,223,26,1,0.0761421319796954,0.896551724137931
740,206,19,1,0.0802139037433155,0.863636363636364
741,173,19,1,0.207792207792208,0.748031496062992
742,161,22,1,0.136690647482014,0.852713178294574
743,276,27,1,0.208835341365462,0.72192513368984
744,170,27,1,0.153846153846154,0.859872611464968
745,295,25,1,0.111111111111111,0.806451612903226
746,191,17,1,0.0344827586206897,0.934065934065934
747,245,21,1,0.0848214285714286,0.846774193548387
748,179,16,1,0.049079754601227,0.909090909090909
749,246,24,1,0.0945945945945946,0.851063829787234
750,133,16,1,0.0598290598290598,0.919540229885057
751,144,19,1,0.064,0.922330097087379
752,162,17,1,0.0551724137931034,0.913978494623656
753,228,18,1,0.247619047619048,0.633802816901408
754,213,20,1,0.077720207253886,0.869565217391304
755,112,18,1,0.074468085106383,0.927835051546392
756,103,18,1,0.0823529411764706,0.927835051546392
757,329,20,1,0.0841423948220065,0.793650793650794
758,309,15,1,0.0510204081632653,0.833333333333333
759,104,12,1,0.108695652173913,0.857142857142857
760,253,17,1,0.0720338983050847,0.833333333333333
761,107,27,0.037037037037037,0.0875,0.0431034482758621
762,116,15,1,0.099009900990099,0.882352941176471
763,267,19,1,0.0967741935483871,0.798319327731092
764,210,17,1,0.0984455958549223,0.817307692307692
765,149,28,1,0.0991735537190083,0.921052631578947
766,258,19,1,0.133891213389121,0.748031496062992
767,133,19,1,0.0526315789473684,0.940594059405941
768,171,15,1,0.0961538461538462,0.833333333333333
769,251,12,1,0.0585774058577406,0.810810810810811
770,228,18,1,0.10952380952381,0.796460176991151
771,145,22,1,0.276422764227642,0.763888888888889
772,148,24,1,0.129032258064516,0.882352941176471
773,185,10,1,0.0914285714285714,0.757575757575758
774,136,24,1,0.223214285714286,0.827586206896552
775,137,11,1,0.103174603174603,0.808823529411765
776,104,20,1,0.0833333333333333,0.934579439252336
777,343,22,1,0.0903426791277259,0.79136690647482
778,261,20,1,0.128630705394191,0.763358778625954
779,223,17,1,0.029126213592233,0.934065934065934
780,196,28,1,0.19047619047619,0.813953488372093
781,270,19,1,0.123505976095618,0.753968253968254
782,369,17,1,0.0909090909090909,0.726495726495727
783,122,31,1,0.307692307692308,0.846994535519126
784,195,20,1,0.0914285714285714,0.862068965517241
785,203,18,1,0.0972972972972973,0.833333333333333
786,215,17,1,0.0656565656565657,0.86734693877551
787,386,27,1,0.0891364902506964,0.808383233532934
788,271,23,1,0.0725806451612903,0.864661654135338
789,358,18,1,0.0941176470588235,0.737704918032787
790,122,18,1,0.192307692307692,0.818181818181818
791,204,15,1,0.105820105820106,0.789473684210526
792,131,19,1,0.107142857142857,0.88785046728972
793,184,19,1,0.23030303030303,0.714285714285714
794,150,23,1,0.149606299212598,0.858208955223881
795,328,23,1,0.0655737704918033,0.851851851851852
796,309,20,1,0.0346020761245675,0.909090909090909
797,226,25,1,0.0348258706467662,0.946969696969697
798,270,22,1,0.0524193548387097,0.894308943089431
799,101,16,1,0.0941176470588235,0.909090909090909
800,142,18,1,0.217741935483871,0.769230769230769
801,162,19,1,0.104895104895105,0.863636363636364
802,133,23,1,0.0545454545454545,0.950413223140496
803,220,12,1,0.0817307692307692,0.779220779220779
804,247,21,1,0.172566371681416,0.729166666666667
805,130,23,1,0.0841121495327103,0.92741935483871
806,103,18,1,0.152941176470588,0.87378640776699
807,185,17,1,0.0892857142857143,0.85
808,138,21,1,0.0854700854700855,0.91304347826087
809,301,14,1,0.0418118466898955,0.853658536585366
810,223,23,1,0.035,0.942622950819672
811,172,21,1,0.0993377483443709,0.875
812,159,19,1,0.0357142857142857,0.95
813,246,18,1,0.166666666666667,0.703125
814,151,18,1,0.218045112781955,0.756302521008403
815,166,19,1,0.0748299319727891,0.89622641509434
816,175,13,1,0.0802469135802469,0.833333333333333
817,177,22,1,0.0903225806451613,0.887096774193548
818,202,20,1,0.0549450549450549,0.909090909090909
819,263,22,1,0.0746887966804979,0.859375
820,225,21,1,0.0735294117647059,0.875
821,127,22,1,0.0666666666666667,0.94017094017094
822,238,27,1,0.118483412322275,0.84375
823,124,20,1,0.144230769230769,0.869565217391304
824,199,17,1,0.0714285714285714,0.86734693877551
825,165,27,1,0.0289855072463768,0.971223021582734
826,179,20,1,0.106918238993711,0.854700854700855
827,199,21,1,0.129213483146067,0.8203125
828,200,9,1,0.109947643979058,0.681818181818182
829,220,24,1,0.122448979591837,0.833333333333333
830,173,16,1,0.0955414012738854,0.842105263157895
831,125,18,1,0.0560747663551402,0.9375
832,242,17,1,0.0844444444444444,0.817307692307692
833,175,21,1,0.142857142857143,0.826771653543307
834,142,29,1,0.0353982300884956,0.973154362416107
835,364,25,1,0.106194690265487,0.77639751552795
836,193,17,1,0.0625,0.885416666666667
837,277,19,1,0.104651162790698,0.778688524590164
838,371,21,1,0.16,0.652173913043478
839,148,17,1,0.099236641221374,0.86734693877551
840,126,30,1,0.0520833333333333,0.967741935483871
841,109,20,1,0.101123595505618,0.917431192660551
842,172,20,1,0.138157894736842,0.826446280991736
843,362,18,1,0.127906976744186,0.671641791044776
844,280,16,1,0.0946969696969697,0.761904761904762
845,300,19,1,0.113879003558719,0.748031496062992
846,407,20,1,0.0801033591731266,0.763358778625954
847,259,31,1,0.166666666666667,0.803108808290156
848,179,19,1,0.10625,0.848214285714286
849,178,13,1,0.0545454545454545,0.878378378378378
850,230,21,1,0.105263157894737,0.826771653543307
851,165,16,1,0.114093959731544,0.824742268041237
852,184,21,1,0.147239263803681,0.813953488372093
853,176,25,1,0.0860927152317881,0.905797101449275
854,199,21,1,0.157303370786517,0.789473684210526
855,148,27,0.0740740740740741,0.0578512396694215,0.0854700854700855
856,151,17,1,0.283582089552239,0.691056910569106
857,212,22,1,0.0894736842105263,0.866141732283464
858,167,13,1,0.0974025974025974,0.8125
859,180,21,1,0.106918238993711,0.860655737704918
860,274,19,1,0.0156862745098039,0.959595959595959
861,228,22,1,0.0728155339805825,0.88
862,152,19,1,0.172932330827068,0.805084745762712
863,272,22,1,0.052,0.894308943089431
864,172,19,1,0.0980392156862745,0.863636363636364
865,293,21,1,0.0625,0.860655737704918
866,116,20,1,0.03125,0.970873786407767
867,120,19,1,0.0594059405940594,0.940594059405941
868,152,20,1,0.333333333333333,0.694444444444444
869,181,34,1,0.149659863945578,0.885416666666667
870,130,22,1,0.287037037037037,0.780141843971631
871,126,19,1,0.0467289719626168,0.95
872,241,27,1,0.0607476635514019,0.912162162162162
873,161,30,1,0.083969465648855,0.93167701863354
874,201,16,1,0.0648648648648649,0.869565217391304
875,205,19,1,0.0537634408602151,0.904761904761905
876,206,16,1,0.205263157894737,0.672268907563025
877,200,25,1,0.08,0.899280575539568
878,324,19,1,0.0950819672131148,0.766129032258065
879,329,20,1,0.177993527508091,0.645161290322581
880,307,17,1,0.186206896551724,0.611510791366906
881,226,30,1,0.0612244897959184,0.925925925925926
882,168,21,1,0.054421768707483,0.929203539823009
883,186,19,1,0.0778443113772455,0.87962962962963
884,290,20,1,0.0444444444444444,0.892857142857143
885,233,22,1,0.0853080568720379,0.859375
886,203,15,1,0.0851063829787234,0.824175824175824
887,224,13,1,0.161137440758294,0.656565656565657
888,297,20,1,0.111913357400722,0.763358778625954
889,132,12,1,0.025,0.952380952380952
890,290,21,1,0.0855018587360595,0.8203125
891,134,22,1,0.0446428571428571,0.956521739130435
892,113,32,1,0.259259259259259,0.883977900552486
893,186,18,1,0.142857142857143,0.789473684210526
894,212,26,1,0.0860215053763441,0.89041095890411
895,126,18,1,0.111111111111111,0.882352941176471
896,203,18,1,0.0810810810810811,0.857142857142857
897,287,20,1,0.116104868913858,0.763358778625954
898,266,22,1,0.0983606557377049,0.82089552238806
899,178,18,1,0.24375,0.697674418604651
900,344,14,1,0.0636363636363636,0.769230769230769
901,126,30,1,0.239583333333333,0.867052023121387
902,108,24,1,0.0476190476190476,0.967741935483871
903,179,22,1,0.146496815286624,0.827067669172932
904,102,21,1,0.135802469135802,0.905172413793103
905,125,26,1,0.292929292929293,0.817610062893082
906,267,18,1,0.144578313253012,0.714285714285714
907,179,15,1,0.115853658536585,0.797872340425532
908,277,14,1,0.064638783269962,0.804597701149425
909,535,23,1,0.103515625,0.68452380952381
910,336,22,1,0.10828025477707,0.763888888888889
911,330,22,1,0.0714285714285714,0.833333333333333
912,154,26,1,0.0625,0.942028985507246
913,195,22,1,0.0809248554913295,0.887096774193548
914,247,17,1,0.0521739130434783,0.876288659793814
915,143,25,1,0.076271186440678,0.932835820895522
916,450,24,1,0.133802816901408,0.677966101694915
917,285,21,1,0.071969696969697,0.846774193548387
918,207,28,1,0.229050279329609,0.773480662983425
919,151,22,0.0454545454545455,0.0155038759689922,0.054945054945055
920,279,15,1,0.0833333333333333,0.77319587628866
921,144,23,1,0.0743801652892562,0.92741935483871
922,175,26,1,0.0805369127516778,0.915492957746479
923,335,17,1,0.106918238993711,0.714285714285714
924,138,32,1,0.471698113207547,0.761904761904762
925,180,27,1,0.0849673202614379,0.912162162162162
926,173,17,1,0.0897435897435897,0.858585858585859
927,261,23,1,0.130252100840336,0.787671232876712
928,421,30,1,0.130434782608696,0.746268656716418
929,449,19,1,0.0790697674418605,0.736434108527132
930,187,11,1,0.0625,0.833333333333333
931,338,20,1,0.0911949685534591,0.775193798449612
932,134,18,1,0.0344827586206897,0.957446808510638
933,317,26,1,0.0584192439862543,0.884353741496599
934,230,24,1,0.058252427184466,0.909090909090909
935,289,32,1,0.105058365758755,0.855614973262032
936,132,21,1,0.126126126126126,0.882352941176471
937,222,13,1,0.138755980861244,0.691489361702128
938,177,24,1,0.0915032679738562,0.895522388059702
939,254,18,1,0.0508474576271186,0.882352941176471
940,193,20,1,0.0809248554913295,0.87719298245614
941,135,23,1,0.0357142857142857,0.966386554621849
942,209,20,1,0.232804232804233,0.694444444444444
943,147,20,1,0.220472440944882,0.78125
944,240,17,1,0.10762331838565,0.779816513761468
945,170,16,1,0.038961038961039,0.930232558139535
946,172,29,1,0.0629370629370629,0.941558441558442
947,206,17,1,0.0740740740740741,0.858585858585859
948,185,20,1,0.0545454545454545,0.917431192660551
949,128,26,0,0.0294117647058824,0
950,99,16,1,0.144578313253012,0.869565217391304
951,368,20,1,0.126436781609195,0.694444444444444
952,252,17,1,0.0936170212765957,0.794392523364486
953,156,17,1,0.129496402877698,0.825242718446602
954,292,27,1,0.10188679245283,0.833333333333333
955,115,20,1,0.0105263157894737,0.99009900990099
956,242,31,1,0.132701421800948,0.846994535519126
957,255,23,1,0.168103448275862,0.746753246753247
958,352,26,1,0.138036809815951,0.742857142857143
959,154,25,1,0.116279069767442,0.892857142857143
960,127,17,1,0.136363636363636,0.85
961,107,22,1,0.235294117647059,0.846153846153846
962,260,17,1,0.0864197530864197,0.80188679245283
963,218,17,1,0.0796019900497512,0.841584158415842
964,318,18,1,0.06,0.833333333333333
965,203,15,1,0.138297872340426,0.742574257425743
966,213,14,1,0.0904522613065327,0.795454545454545
967,137,16,1,0.140495867768595,0.824742268041237
968,275,26,1,0.0843373493975904,0.860927152317881
969,200,12,1,0.0904255319148936,0.779220779220779
970,232,16,1,0.12962962962963,0.740740740740741
971,192,15,1,0.107344632768362,0.797872340425532
972,126,18,1,0.0648148148148148,0.927835051546392
973,348,17,1,0.0453172205438066,0.85
974,252,16,1,0.076271186440678,0.816326530612245
975,255,18,1,0.113924050632911,0.769230769230769
976,215,17,1,0.0505050505050505,0.894736842105263
977,99,11,1,0.0909090909090909,0.873015873015873
978,289,21,1,0.0895522388059701,0.813953488372093
979,135,19,1,0.103448275862069,0.88785046728972
980,234,31,1,0.0886699507389163,0.895953757225434
981,146,20,1,0.134920634920635,0.854700854700855
982,162,20,1,0.0985915492957746,0.87719298245614
983,165,24,1,0.475177304964539,0.641711229946524
984,208,24,1,0.146739130434783,0.816326530612245
985,224,21,1,0.0591133004926108,0.897435897435897
986,293,23,1,0.0814814814814815,0.839416058394161
987,304,13,1,0.116838487972509,0.656565656565657
988,174,21,1,0.0457516339869281,0.9375
989,180,24,1,0.0512820512820513,0.9375
990,255,38,1,0.43778801843318,0.666666666666667
991,125,26,1,0.212121212121212,0.860927152317881
992,203,26,1,0.0847457627118644,0.896551724137931
993,338,24,1,0.156050955414013,0.710059171597633
994,248,17,1,0.0909090909090909,0.80188679245283
995,144,20,1,0.153225806451613,0.840336134453782
996,325,23,1,0.076158940397351,0.833333333333333
997,242,19,1,0.134529147982063,0.76
998,128,25,1,0.572815533980582,0.679347826086956
999,244,22,1,0.103603603603604,0.827067669172932
1000,118,16,1,0.254901960784314,0.754716981132075
