"dataset","method","labeling","TPR_mean","TPR_sd","TNR_mean","TNR_sd","BA_mean","BA_sd","F2_mean","F2_sd","n_seeds"
"Arrhythmia","AutoEncoder","contam_0.1",0.242424242424242,0,0.924870466321243,0,0.583647354372743,0,0.258899676375405,0,5
"Arrhythmia","AutoEncoder","true_rate",0.372727272727273,0.0172753852287748,0.892746113989637,0.00295382234481639,0.632736693358455,0.0101146037867956,0.372727272727273,0.0172753852287748,5
"Arrhythmia","ECOD","contam_0.1",0.393939393939394,NA,0.950777202072539,NA,0.672358298005966,NA,0.420711974110032,NA,1
"Arrhythmia","ECOD","true_rate",0.484848484848485,NA,0.911917098445596,NA,0.69838279164704,NA,0.484848484848485,NA,1
"Arrhythmia","LUNAR","contam_0.1",0.333333333333333,0.0303030303030303,0.940414507772021,0.00518134715025909,0.636873920552677,0.0177421887266447,0.355987055016181,0.0323624595469256,5
"Arrhythmia","LUNAR","true_rate",0.418181818181818,0.0135519271363624,0.900518134715026,0.00231716888860083,0.659349976448422,0.00793454801248159,0.418181818181818,0.0135519271363624,5
"Glass","AutoEncoder","contam_0.1",0.2,0.0929622251704528,0.905882352941176,0.0041012746398729,0.552941176470588,0.0485317499051629,0.157894736842105,0.0733912303977259,5
"Glass","AutoEncoder","true_rate",0.111111111111111,0,0.96078431372549,0,0.535947712418301,0,0.111111111111111,0,5
"Glass","ECOD","contam_0.1",0.222222222222222,NA,0.906862745098039,NA,0.564542483660131,NA,0.175438596491228,NA,1
"Glass","ECOD","true_rate",0.111111111111111,NA,0.96078431372549,NA,0.535947712418301,NA,0.111111111111111,NA,1
"Glass","LUNAR","contam_0.1",0.333333333333333,0.0785674201318386,0.911764705882353,0.00346620971169875,0.622549019607843,0.0410168149217687,0.263157894736842,0.0620269106303989,5
"Glass","LUNAR","true_rate",0.111111111111111,0,0.96078431372549,0,0.535947712418301,0,0.111111111111111,0,5
"Hepatitis","AutoEncoder","contam_0.1",0.285714285714286,0,0.925373134328358,0,0.605543710021322,0,0.285714285714286,0,5
"Hepatitis","AutoEncoder","true_rate",0.285714285714286,0,0.925373134328358,0,0.605543710021322,0,0.285714285714286,0,5
"Hepatitis","ECOD","contam_0.1",0.142857142857143,NA,0.91044776119403,NA,0.526652452025586,NA,0.142857142857143,NA,1
"Hepatitis","ECOD","true_rate",0.142857142857143,NA,0.91044776119403,NA,0.526652452025586,NA,0.142857142857143,NA,1
"Hepatitis","LUNAR","contam_0.1",0.171428571428571,0.119522860933439,0.913432835820896,0.0124874630825981,0.542430703624733,0.0660051620080187,0.171428571428571,0.119522860933439,5
"Hepatitis","LUNAR","true_rate",0.171428571428571,0.119522860933439,0.913432835820896,0.0124874630825981,0.542430703624733,0.0660051620080187,0.171428571428571,0.119522860933439,5
"InternetAds","AutoEncoder","contam_0.1",0.127717391304348,0.0150072839907436,0.90613266583229,0.00345599531201104,0.516925028568319,0.00923163965137729,0.140802875973637,0.016544878695607,5
"InternetAds","AutoEncoder","true_rate",0.271739130434783,0.0184302445193621,0.832290362953692,0.0042442615664113,0.552014746694237,0.0113372530428867,0.271739130434783,0.0184302445193621,5
"InternetAds","ECOD","contam_0.1",0.361413043478261,NA,0.959949937421777,NA,0.660681490450019,NA,0.398442180946675,NA,1
"InternetAds","ECOD","true_rate",0.442934782608696,NA,0.87171464330413,NA,0.657324712956413,NA,0.442934782608696,NA,1
"InternetAds","LUNAR","contam_0.1",0.235869565217391,0.0129468796190996,0.930788485607009,0.0026770024575979,0.5833290254122,0.00781022067592016,0.259970293086685,0.0141920398311267,5
"InternetAds","LUNAR","true_rate",0.382065217391304,0.0106291343563087,0.857697121401752,0.00244776060270438,0.619881169396528,0.00653844747950651,0.382065217391304,0.0106291343563087,5
"Lymphography","AutoEncoder","contam_0.1",1,0,0.936619718309859,0,0.96830985915493,0,0.769230769230769,0,5
"Lymphography","AutoEncoder","true_rate",0.833333333333333,0,0.992957746478873,0,0.913145539906103,0,0.833333333333333,0,5
"Lymphography","ECOD","contam_0.1",1,NA,0.936619718309859,NA,0.96830985915493,NA,0.769230769230769,NA,1
"Lymphography","ECOD","true_rate",0.833333333333333,NA,0.992957746478873,NA,0.913145539906103,NA,0.833333333333333,NA,1
"Lymphography","LUNAR","contam_0.1",1,0,0.936619718309859,0,0.96830985915493,0,0.769230769230769,0,5
"Lymphography","LUNAR","true_rate",0.733333333333333,0.0912870929175277,0.988732394366197,0.00385720110919131,0.861032863849765,0.0475721470133595,0.733333333333333,0.0912870929175277,5
"Musk","AutoEncoder","contam_0.1",0.523711340206186,0.021127733538061,0.913929173693086,0.000691193980840432,0.718820256949636,0.0109094637594507,0.365994236311239,0.0147650587405758,5
"Musk","AutoEncoder","true_rate",0.379381443298969,0.00461044943814388,0.979696458684654,0.000150830892242836,0.679538950991812,0.00238064016519336,0.379381443298969,0.0046104494381439,5
"Musk","ECOD","contam_0.1",0.793814432989691,NA,0.922765598650927,NA,0.858290015820309,NA,0.554755043227666,NA,1
"Musk","ECOD","true_rate",0.494845360824742,NA,0.983473861720067,NA,0.739159611272405,NA,0.494845360824742,NA,1
"Musk","LUNAR","contam_0.1",0.144329896907216,0.173887915396217,0.901517706576728,0.00568874461835852,0.522923801741973,0.0897883300072875,0.100864553314121,0.12152109361263,5
"Musk","LUNAR","true_rate",0.0969072164948454,0.104780007812552,0.970455311973019,0.00342787883906154,0.533681264233932,0.0541039433258067,0.0969072164948453,0.104780007812552,5
"Speech","AutoEncoder","contam_0.1",0.118032786885246,0.0137157381399029,0.900193103448276,0.000230802765940427,0.509112945166761,0.00697327045292167,0.0587275693311582,0.00682430690484563,5
"Speech","AutoEncoder","true_rate",0.0262295081967213,0.00897905831975682,0.983613793103448,0.000151095877932489,0.504921650650085,0.00456507709884463,0.0262295081967213,0.00897905831975683,5
"Speech","ECOD","contam_0.1",0.114754098360656,NA,0.900137931034483,NA,0.507446014697569,NA,0.0570962479608483,NA,1
"Speech","ECOD","true_rate",0.0327868852459016,NA,0.983724137931035,NA,0.508255511588468,NA,0.0327868852459017,NA,1
"Speech","LUNAR","contam_0.1",0.131147540983607,0.0259203086899047,0.900413793103448,0.000436176228988739,0.515780667043527,0.0131782424594467,0.0652528548123981,0.0128967278147161,5
"Speech","LUNAR","true_rate",0.039344262295082,0.00897905831975682,0.983834482758621,0.000151095877932428,0.511589372526851,0.00456507709884466,0.039344262295082,0.0089790583197568,5
"Stamps","AutoEncoder","contam_0.1",0.27741935483871,0.0668917463010572,0.917799352750809,0.00671082244444263,0.597609353794759,0.0368012843727499,0.272151898734177,0.0656216498523029,5
"Stamps","AutoEncoder","true_rate",0.238709677419355,0.0706738783877634,0.923624595469256,0.00709025964407981,0.581167136444305,0.0388820690159216,0.238709677419355,0.0706738783877634,5
"Stamps","ECOD","contam_0.1",0.32258064516129,NA,0.922330097087379,NA,0.622455371124334,NA,0.316455696202532,NA,1
"Stamps","ECOD","true_rate",0.290322580645161,NA,0.928802588996764,NA,0.609562584820962,NA,0.290322580645161,NA,1
"Stamps","LUNAR","contam_0.1",0.219354838709677,0.0420593703561461,0.911974110032363,0.00421954848233182,0.56566447437102,0.023139459419239,0.215189873417722,0.0412607747164725,5
"Stamps","LUNAR","true_rate",0.2,0.0420593703561461,0.919741100323625,0.00421954848233182,0.559870550161812,0.023139459419239,0.2,0.0420593703561461,5
"Thyroid","AutoEncoder","contam_0.1",0.748387096774194,0.0882113733419083,0.916811675554308,0.00230245796261507,0.832599386164251,0.0452569156522617,0.471544715447154,0.0555803368617715,5
"Thyroid","AutoEncoder","true_rate",0.361290322580645,0.0502048065803387,0.98332865562728,0.00131042576816491,0.672309489103963,0.0257576161742518,0.361290322580645,0.0502048065803388,5
"Thyroid","ECOD","contam_0.1",0.946236559139785,NA,0.921975863036767,NA,0.934106211088276,NA,0.596205962059621,NA,1
"Thyroid","ECOD","true_rate",0.548387096774194,NA,0.988212180746562,NA,0.768299638760378,NA,0.548387096774194,NA,1
"Thyroid","LUNAR","contam_0.1",0.810752688172043,0.0163072590194657,0.918439517260735,0.000425645548361027,0.864596102716389,0.00836645228391342,0.510840108401084,0.0102748989756796,5
"Thyroid","LUNAR","true_rate",0.251612903225806,0.0163072590194657,0.980465899522874,0.000425645548360991,0.61603940137434,0.00836645228391335,0.251612903225806,0.0163072590194657,5
"Vertebral","AutoEncoder","contam_0.1",0.0333333333333333,0,0.89047619047619,0,0.461904761904762,0,0.0347222222222222,0,5
"Vertebral","AutoEncoder","true_rate",0.0333333333333333,0,0.861904761904762,0,0.447619047619048,0,0.0333333333333333,0,5
"Vertebral","ECOD","contam_0.1",0.0333333333333333,NA,0.89047619047619,NA,0.461904761904762,NA,0.0347222222222222,NA,1
"Vertebral","ECOD","true_rate",0.133333333333333,NA,0.876190476190476,NA,0.504761904761905,NA,0.133333333333333,NA,1
"Vertebral","LUNAR","contam_0.1",0.02,0.0182574185835055,0.888571428571429,0.0026082026547865,0.454285714285714,0.010432810619146,0.0208333333333333,0.0190181443578183,5
"Vertebral","LUNAR","true_rate",0.0333333333333333,0.0235702260395516,0.861904761904762,0.0033671751485074,0.447619047619048,0.0134687005940295,0.0333333333333333,0.0235702260395516,5
"Vowels","AutoEncoder","contam_0.1",0.747826086956522,0.074676365379642,0.921337126600285,0.00244318122863694,0.834581606778403,0.0385597733041395,0.522796352583587,0.0522053618155553,5
"Vowels","AutoEncoder","true_rate",0.369565217391304,0.0737209780774486,0.979374110953058,0.00241192389158083,0.674469664172181,0.0380664509845147,0.369565217391304,0.0737209780774486,5
"Vowels","ECOD","contam_0.1",0.239130434782609,NA,0.904694167852063,NA,0.571912301317336,NA,0.167173252279635,NA,1
"Vowels","ECOD","true_rate",0.173913043478261,NA,0.972972972972973,NA,0.573443008225617,NA,0.173913043478261,NA,1
"Vowels","LUNAR","contam_0.1",0.873913043478261,0.0388881387391268,0.925462304409673,0.00127230041394015,0.899687673943967,0.0200802195765335,0.610942249240122,0.0271862368085081,5
"Vowels","LUNAR","true_rate",0.51304347826087,0.0836321046159624,0.984068278805121,0.00273618549952652,0.748555878532995,0.0431841450577445,0.51304347826087,0.0836321046159624,5
"WBC","AutoEncoder","contam_0.1",0.88,0.109544511501033,0.938028169014084,0.00514293481225508,0.909014084507042,0.0573437231566442,0.709677419354839,0.0883423479847042,5
"WBC","AutoEncoder","true_rate",0.58,0.109544511501033,0.980281690140845,0.00514293481225506,0.780140845070422,0.0573437231566441,0.58,0.109544511501033,5
"WBC","ECOD","contam_0.1",0.8,NA,0.934272300469484,NA,0.867136150234742,NA,0.645161290322581,NA,1
"WBC","ECOD","true_rate",0.7,NA,0.985915492957746,NA,0.842957746478873,NA,0.7,NA,1
"WBC","LUNAR","contam_0.1",0.86,0.134164078649987,0.937089201877934,0.00629878303521065,0.898544600938967,0.070231430842599,0.693548387096774,0.108196837620958,5
"WBC","LUNAR","true_rate",0.54,0.181659021245849,0.978403755868545,0.00852859254675351,0.759201877934272,0.0950938068963015,0.54,0.181659021245849,5
"WDBC","AutoEncoder","contam_0.1",0.58,0.0836660026534075,0.912605042016807,0.0023435855084988,0.746302521008403,0.0430047940809532,0.376623376623377,0.0543285731515633,5
"WDBC","AutoEncoder","true_rate",0.2,0.1,0.977591036414566,0.00280112044817926,0.588795518207283,0.0514005602240896,0.2,0.1,5
"WDBC","ECOD","contam_0.1",0.6,NA,0.913165266106443,NA,0.756582633053221,NA,0.38961038961039,NA,1
"WDBC","ECOD","true_rate",0.4,NA,0.983193277310924,NA,0.691596638655462,NA,0.4,NA,1
"WDBC","LUNAR","contam_0.1",0.6,0.0707106781186547,0.913165266106443,0.00198069126382786,0.756582633053221,0.0363456846912413,0.38961038961039,0.0459160247523732,5
"WDBC","LUNAR","true_rate",0.24,0.0547722557505166,0.978711484593837,0.00153423685575676,0.609355742296919,0.0281532463031367,0.24,0.0547722557505166,5
"Wilt","AutoEncoder","contam_0.1",0.0287937743190661,0.00852486470825161,0.89596668128014,0.00048024774879891,0.462380227799603,0.00450255622852525,0.0245033112582781,0.00725460341066445,5
"Wilt","AutoEncoder","true_rate",0.00778210116731518,0.00389105058365759,0.944103463393249,0.000219202104340233,0.475942782280282,0.0020551263439989,0.00778210116731518,0.00389105058365759,5
"Wilt","ECOD","contam_0.1",0.0544747081712062,NA,0.897413415168786,NA,0.475944061669996,NA,0.0463576158940397,NA,1
"Wilt","ECOD","true_rate",0.0311284046692607,NA,0.94541867601929,NA,0.488273540344275,NA,0.0311284046692607,NA,1
"Wilt","LUNAR","contam_0.1",0.0280155642023346,0.0185387225674266,0.895922840859272,0.00104437783862969,0.461969202530803,0.00979155020302815,0.023841059602649,0.0157763301318829,5
"Wilt","LUNAR","true_rate",0.00544747081712062,0.0021312161770629,0.943971942130644,0.000120061937199746,0.474709706473882,0.00112563905713132,0.00544747081712062,0.0021312161770629,5
