"dataset","method","F2","BA","TPR","TNR","group"
"hepatitis","U-MCCD",0.278,0.598,0.286,0.91,"original"
"hepatitis","SU-MCCD",0.286,0.606,0.286,0.925,"original"
"hepatitis","UN-MCCD",0.446,0.686,0.714,0.657,"original"
"hepatitis","SUN-MCCD",0.446,0.686,0.714,0.657,"original"
"hepatitis","LOF",0,0.493,0,0.985,"original"
"hepatitis","DBSCAN",0,0.478,0,0.955,"original"
"hepatitis","MST",0.375,0.647,0.429,0.866,"original"
"hepatitis","ODIN",0.312,0.587,0.429,0.746,"original"
"hepatitis","iForest",0.122,0.482,0.143,0.821,"original"
"glass","U-MCCD",0.283,0.721,1,0.441,"original"
"glass","SU-MCCD",0.385,0.824,1,0.647,"original"
"glass","UN-MCCD",0.116,0.493,0.222,0.765,"original"
"glass","SUN-MCCD",0.324,0.77,1,0.539,"original"
"glass","LOF",0.412,0.786,0.778,0.794,"original"
"glass","DBSCAN",0.122,0.546,0.111,0.98,"original"
"glass","MST",0.286,0.679,0.667,0.691,"original"
"glass","ODIN",0.205,0.583,0.333,0.833,"original"
"glass","iForest",0.1,0.524,0.111,0.936,"original"
"vertebral","U-MCCD",0.311,0.536,0.433,0.638,"original"
"vertebral","SU-MCCD",0.14,0.388,0.2,0.576,"original"
"vertebral","UN-MCCD",0.036,0.474,0.033,0.914,"original"
"vertebral","SUN-MCCD",0.109,0.514,0.1,0.929,"original"
"vertebral","LOF",0.038,0.488,0.033,0.943,"original"
"vertebral","DBSCAN",0,0.469,0,0.938,"original"
"vertebral","MST",0.282,0.531,0.367,0.695,"original"
"vertebral","ODIN",0.159,0.507,0.167,0.848,"original"
"vertebral","iForest",0,0.479,0,0.957,"original"
"ecoli","U-MCCD",0.235,0.77,0.875,0.665,"original"
"ecoli","SU-MCCD",0.321,0.831,0.875,0.787,"original"
"ecoli","UN-MCCD",0.238,0.773,0.875,0.671,"original"
"ecoli","SUN-MCCD",0.333,0.837,0.875,0.799,"original"
"ecoli","LOF",0.492,0.84,0.75,0.93,"original"
"ecoli","DBSCAN",0.152,0.562,0.125,1,"original"
"ecoli","MST",0.186,0.71,0.875,0.546,"original"
"ecoli","ODIN",0.294,0.739,0.625,0.854,"original"
"ecoli","iForest",0.638,0.861,0.75,0.973,"original"
"stamps","U-MCCD",0.072,0.511,0.065,0.958,"original"
"stamps","SU-MCCD",0.376,0.584,1,0.168,"original"
"stamps","UN-MCCD",0.381,0.648,0.484,0.812,"original"
"stamps","SUN-MCCD",0.455,0.7,0.516,0.883,"original"
"stamps","LOF",0.162,0.54,0.161,0.919,"original"
"stamps","DBSCAN",0.144,0.547,0.129,0.964,"original"
"stamps","MST",0.373,0.606,0.774,0.437,"original"
"stamps","ODIN",0.262,0.582,0.29,0.874,"original"
"stamps","iForest",0.108,0.529,0.097,0.961,"original"
"vowels","U-MCCD",0.196,0.664,1,0.327,"original"
"vowels","SU-MCCD",0.193,0.658,1,0.317,"original"
"vowels","UN-MCCD",0.263,0.771,1,0.541,"original"
"vowels","SUN-MCCD",0.267,0.77,0.978,0.563,"original"
"vowels","LOF",0.364,0.667,0.348,0.986,"original"
"vowels","DBSCAN",0.249,0.606,0.217,0.995,"original"
"vowels","MST",0.153,0.553,0.761,0.344,"original"
"vowels","ODIN",0.427,0.756,0.587,0.925,"original"
"vowels","iForest",0.027,0.51,0.022,0.999,"original"
"waveform","U-MCCD",0.252,0.728,0.77,0.685,"original"
"waveform","SU-MCCD",0.219,0.641,0.47,0.812,"original"
"waveform","UN-MCCD",0.186,0.62,0.54,0.701,"original"
"waveform","SUN-MCCD",0.228,0.62,0.32,0.92,"original"
"waveform","LOF",0,0.5,0,1,"original"
"waveform","DBSCAN",0.095,0.538,0.08,0.996,"original"
"waveform","MST",0.13,0.548,0.19,0.906,"original"
"waveform","ODIN",0.193,0.607,0.37,0.844,"original"
"waveform","iForest",0,0.5,0,0.999,"original"
"wilt","U-MCCD",0.336,0.696,0.763,0.63,"original"
"wilt","SU-MCCD",0.182,0.54,0.296,0.785,"original"
"wilt","UN-MCCD",0.118,0.519,0.14,0.898,"original"
"wilt","SUN-MCCD",0.206,0.555,0.366,0.745,"original"
"wilt","LOF",0.022,0.499,0.019,0.979,"original"
"wilt","DBSCAN",0,0.479,0,0.959,"original"
"wilt","MST",0.232,0.537,0.946,0.129,"original"
"wilt","ODIN",0.069,0.519,0.062,0.976,"original"
"wilt","iForest",0.004,0.479,0.004,0.953,"original"
"lymphography","U-MCCD",0.682,0.951,1,0.901,"new"
"lymphography","SU-MCCD",0.732,0.961,1,0.923,"new"
"lymphography","UN-MCCD",0.6,0.93,1,0.859,"new"
"lymphography","SUN-MCCD",0.638,0.94,1,0.88,"new"
"lymphography","LOF",0.667,0.826,0.667,0.986,"new"
"lymphography","DBSCAN",0.862,0.917,0.833,1,"new"
"lymphography","MST",0.224,0.609,0.5,0.718,"new"
"lymphography","ODIN",0.532,0.853,0.833,0.873,"new"
"lymphography","iForest",0.75,0.965,1,0.93,"new"
"WBC","U-MCCD",0.316,0.746,1,0.493,"new"
"WBC","SU-MCCD",0.316,0.746,1,0.493,"new"
"WBC","UN-MCCD",0.318,0.749,1,0.498,"new"
"WBC","SUN-MCCD",0.35,0.782,1,0.563,"new"
"WBC","LOF",0.543,0.901,1,0.803,"new"
"WBC","DBSCAN",0.652,0.8,0.6,1,"new"
"WBC","MST",0.354,0.728,0.7,0.756,"new"
"WBC","ODIN",0.342,0.684,0.5,0.869,"new"
"WBC","iForest",0.656,0.869,0.8,0.939,"new"
"WDBC","U-MCCD",0.17,0.607,0.5,0.714,"new"
"WDBC","SU-MCCD",0.131,0.536,1,0.073,"new"
"WDBC","UN-MCCD",0.146,0.591,1,0.182,"new"
"WDBC","SUN-MCCD",0.172,0.662,1,0.325,"new"
"WDBC","LOF",0.441,0.769,0.6,0.938,"new"
"WDBC","DBSCAN",0.111,0.544,0.1,0.989,"new"
"WDBC","MST",0.242,0.691,0.6,0.782,"new"
"WDBC","ODIN",0.286,0.717,0.6,0.835,"new"
"WDBC","iForest",0.472,0.739,0.5,0.978,"new"
"pima","U-MCCD",0.399,0.639,0.6,0.678,"new"
"pima","SU-MCCD",0.504,0.727,0.709,0.744,"new"
"pima","UN-MCCD",0.232,0.536,0.291,0.782,"new"
"pima","SUN-MCCD",0.497,0.721,0.891,0.552,"new"
"pima","LOF",0.098,0.514,0.091,0.938,"new"
"pima","DBSCAN",0.084,0.522,0.073,0.972,"new"
"pima","MST",0.327,0.564,0.545,0.582,"new"
"pima","ODIN",0.144,0.524,0.145,0.902,"new"
"pima","iForest",0.083,0.518,0.073,0.964,"new"
"shuffle","U-MCCD",0.224,0.887,1,0.775,"new"
"shuffle","SU-MCCD",0.179,0.851,1,0.702,"new"
"shuffle","UN-MCCD",0.183,0.855,1,0.709,"new"
"shuffle","SUN-MCCD",0.162,0.832,1,0.664,"new"
"shuffle","LOF",0.389,0.949,1,0.898,"new"
"shuffle","DBSCAN",0.317,0.65,0.308,0.993,"new"
"shuffle","MST",0.065,0.534,1,0.069,"new"
"shuffle","ODIN",0.243,0.669,0.385,0.954,"new"
"shuffle","iForest",0.174,0.624,0.308,0.941,"new"
"PenDigits","U-MCCD",0.046,0.672,1,0.343,"new"
"PenDigits","SU-MCCD",0.033,0.54,1,0.079,"new"
"PenDigits","UN-MCCD",0.034,0.552,1,0.103,"new"
"PenDigits","SUN-MCCD",0.033,0.54,1,0.079,"new"
"PenDigits","LOF",0.053,0.533,0.1,0.967,"new"
"PenDigits","DBSCAN",0,0.499,0,0.997,"new"
"PenDigits","MST",0.043,0.651,1,0.302,"new"
"PenDigits","ODIN",0.027,0.508,0.05,0.966,"new"
"PenDigits","iForest",0.026,0.502,0.1,0.904,"new"
"thyroid","U-MCCD",0.293,0.842,1,0.685,"new"
"thyroid","SU-MCCD",0.327,0.866,1,0.732,"new"
"thyroid","UN-MCCD",0.261,0.815,1,0.63,"new"
"thyroid","SUN-MCCD",0.389,0.894,0.989,0.798,"new"
"thyroid","LOF",0.172,0.578,0.194,0.963,"new"
"thyroid","DBSCAN",0.412,0.689,0.387,0.992,"new"
"thyroid","MST",0.138,0.591,1,0.182,"new"
"thyroid","ODIN",0.093,0.534,0.097,0.971,"new"
"thyroid","iForest",0.664,0.887,0.806,0.967,"new"
"pageblocks","U-MCCD",0.57,0.775,0.986,0.563,"new"
"pageblocks","SU-MCCD",0.525,0.73,0.986,0.474,"new"
"pageblocks","UN-MCCD",0.1,0.511,0.094,0.929,"new"
"pageblocks","SUN-MCCD",0.526,0.732,0.986,0.478,"new"
"pageblocks","LOF",0.218,0.575,0.202,0.948,"new"
"pageblocks","DBSCAN",0.545,0.745,0.516,0.974,"new"
"pageblocks","MST",0.378,0.511,1,0.023,"new"
"pageblocks","ODIN",0.078,0.527,0.065,0.99,"new"
"pageblocks","iForest",0.343,0.64,0.318,0.962,"new"
