"dataset","method","params","n","d","n0","TPR","TNR","BA","F2","t_total","status","note","timestamp"
"lymphography","LOF","MinPts=11..30, max over k, threshold=1.5",148,18,6,0.666666666666667,0.985915492957746,0.826291079812207,0.666666666666667,0.0230109691619873,"ok",NA,"2026-08-09 00:30:26"
"lymphography","DBSCAN","minPts=4, eps=1.5277 (4-dist at 1-contam=0.9595), input=X (df->X defect fixed)",148,18,6,0.833333333333333,1,0.916666666666667,0.862068965517242,0.0116350650787354,"ok",NA,"2026-08-09 00:30:26"
"lymphography","MST","cont=0.02, thresh=1.2 (uniform across all data sets)",148,18,6,0.5,0.71830985915493,0.609154929577465,0.223880597014925,0.0565719604492188,"ok",NA,"2026-08-09 00:30:26"
"lymphography","ODIN","k=round(sqrt(n))=12, indeg_thr=round(n^(1/3))=5 (defaults)",148,18,6,0.833333333333333,0.873239436619718,0.853286384976526,0.531914893617021,0.00472211837768555,"ok",NA,"2026-08-09 00:30:26"
"lymphography","iForest","ntrees=1000, sample_size=148, seed=1, threshold=0.55",148,18,6,1,0.929577464788732,0.964788732394366,0.75,0.0146389007568359,"ok",NA,"2026-08-09 00:30:26"
"WBC","LOF","MinPts=11..30, max over k, threshold=1.5",223,9,10,1,0.802816901408451,0.901408450704225,0.543478260869565,0.0297949314117432,"ok",NA,"2026-08-09 00:30:26"
"WBC","DBSCAN","minPts=4, eps=0.7860 (4-dist at 1-contam=0.9552), input=X (df->X defect fixed)",223,9,10,0.6,1,0.8,0.652173913043478,0.0055241584777832,"ok",NA,"2026-08-09 00:30:26"
"WBC","MST","cont=0.02, thresh=1.2 (uniform across all data sets)",223,9,10,0.7,0.755868544600939,0.727934272300469,0.353535353535354,0.0822000503540039,"ok",NA,"2026-08-09 00:30:26"
"WBC","ODIN","k=round(sqrt(n))=15, indeg_thr=round(n^(1/3))=6 (defaults)",223,9,10,0.5,0.868544600938967,0.684272300469484,0.342465753424658,0.0033571720123291,"ok",NA,"2026-08-09 00:30:26"
"WBC","iForest","ntrees=1000, sample_size=223, seed=1, threshold=0.55",223,9,10,0.8,0.938967136150235,0.869483568075117,0.655737704918033,0.00516796112060547,"ok",NA,"2026-08-09 00:30:26"
"WDBC","LOF","MinPts=11..30, max over k, threshold=1.5",367,30,10,0.6,0.938375350140056,0.769187675070028,0.441176470588235,0.11516809463501,"ok",NA,"2026-08-09 00:30:26"
"WDBC","DBSCAN","minPts=4, eps=0.9516 (4-dist at 1-contam=0.9728), input=X (df->X defect fixed)",367,30,10,0.1,0.988795518207283,0.544397759103642,0.111111111111111,0.0149469375610352,"ok",NA,"2026-08-09 00:30:26"
"WDBC","MST","cont=0.02, thresh=1.2 (uniform across all data sets)",367,30,10,0.6,0.781512605042017,0.690756302521008,0.241935483870968,0.181554079055786,"ok",NA,"2026-08-09 00:30:27"
"WDBC","ODIN","k=round(sqrt(n))=19, indeg_thr=round(n^(1/3))=7 (defaults)",367,30,10,0.6,0.834733893557423,0.717366946778711,0.285714285714286,0.00676488876342773,"ok",NA,"2026-08-09 00:30:27"
"WDBC","iForest","ntrees=1000, sample_size=256, seed=1, threshold=0.55",367,30,10,0.5,0.977591036414566,0.738795518207283,0.471698113207547,0.00469803810119629,"ok",NA,"2026-08-09 00:30:27"
"pima","LOF","MinPts=11..30, max over k, threshold=1.5",555,8,55,0.0909090909090909,0.938,0.514454545454545,0.09765625,0.115021944046021,"ok",NA,"2026-08-09 00:30:27"
"pima","DBSCAN","minPts=4, eps=0.3762 (4-dist at 1-contam=0.9009), input=X (df->X defect fixed)",555,8,55,0.0727272727272727,0.972,0.522363636363636,0.0840336134453781,0.0242800712585449,"ok",NA,"2026-08-09 00:30:27"
"pima","MST","cont=0.02, thresh=1.2 (uniform across all data sets)",555,8,55,0.545454545454545,0.582,0.563727272727273,0.326797385620915,0.395641088485718,"ok",NA,"2026-08-09 00:30:27"
"pima","ODIN","k=round(sqrt(n))=24, indeg_thr=round(n^(1/3))=8 (defaults)",555,8,55,0.145454545454545,0.902,0.523727272727273,0.144404332129964,0.0147509574890137,"ok",NA,"2026-08-09 00:30:27"
"pima","iForest","ntrees=1000, sample_size=256, seed=1, threshold=0.55",555,8,55,0.0727272727272727,0.964,0.518363636363636,0.0826446280991735,0.00645208358764648,"ok",NA,"2026-08-09 00:30:27"
"shuffle","LOF","MinPts=11..30, max over k, threshold=1.5",1013,9,13,1,0.898,0.949,0.389221556886228,0.132208108901978,"ok",NA,"2026-08-09 00:30:27"
"shuffle","DBSCAN","minPts=4, eps=2.5391 (4-dist at 1-contam=0.9872), input=X (df->X defect fixed)",1013,9,13,0.307692307692308,0.993,0.650346153846154,0.317460317460317,0.0617280006408691,"ok",NA,"2026-08-09 00:30:28"
"shuffle","MST","cont=0.02, thresh=1.2 (uniform across all data sets)",1013,9,13,1,0.069,0.5345,0.0652610441767068,1.24878883361816,"ok",NA,"2026-08-09 00:30:29"
"shuffle","ODIN","k=round(sqrt(n))=32, indeg_thr=round(n^(1/3))=10 (defaults)",1013,9,13,0.384615384615385,0.954,0.669307692307692,0.242718446601942,0.0392580032348633,"ok",NA,"2026-08-09 00:30:29"
"shuffle","iForest","ntrees=1000, sample_size=256, seed=1, threshold=0.55",1013,9,13,0.307692307692308,0.941,0.624346153846154,0.173913043478261,0.00925397872924805,"ok",NA,"2026-08-09 00:30:29"
"PenDigits","LOF","MinPts=11..30, max over k, threshold=1.5",3200,16,20,0.1,0.966981132075472,0.533490566037736,0.053475935828877,1.43523287773132,"ok",NA,"2026-08-09 00:30:30"
"PenDigits","DBSCAN","minPts=4, eps=2.9166 (4-dist at 1-contam=0.9938), input=X (df->X defect fixed)",3200,16,20,0,0.997169811320755,0.498584905660377,0,0.731910943984985,"ok",NA,"2026-08-09 00:30:31"
"PenDigits","MST","cont=0.02, thresh=1.2 (uniform across all data sets)",3200,16,20,1,0.30188679245283,0.650943396226415,0.0431034482758621,15.6606252193451,"ok",NA,"2026-08-09 00:30:47"
"PenDigits","ODIN","k=round(sqrt(n))=57, indeg_thr=round(n^(1/3))=15 (defaults)",3200,16,20,0.05,0.966352201257862,0.508176100628931,0.026595744680851,0.760733842849731,"ok",NA,"2026-08-09 00:30:48"
"PenDigits","iForest","ntrees=1000, sample_size=256, seed=1, threshold=0.55",3200,16,20,0.1,0.904088050314465,0.502044025157233,0.0258397932816537,0.0223929882049561,"ok",NA,"2026-08-09 00:30:48"
"thyroid","LOF","MinPts=11..30, max over k, threshold=1.5",3656,6,93,0.193548387096774,0.962952568060623,0.578250477578699,0.172413793103448,0.955536127090454,"ok",NA,"2026-08-09 00:30:49"
"thyroid","DBSCAN","minPts=4, eps=3.6340 (4-dist at 1-contam=0.9746), input=X (df->X defect fixed)",3656,6,93,0.387096774193548,0.991860791467864,0.689478782830706,0.411899313501144,0.747949123382568,"ok",NA,"2026-08-09 00:30:49"
"thyroid","MST","cont=0.02, thresh=1.2 (uniform across all data sets)",3656,6,93,1,0.182430536065114,0.591215268032557,0.13765541740675,21.2369699478149,"ok",NA,"2026-08-09 00:31:11"
"thyroid","ODIN","k=round(sqrt(n))=60, indeg_thr=round(n^(1/3))=15 (defaults)",3656,6,93,0.0967741935483871,0.971091776592759,0.533932985070573,0.0929752066115702,1.23018598556519,"ok",NA,"2026-08-09 00:31:12"
"thyroid","iForest","ntrees=1000, sample_size=256, seed=1, threshold=0.55",3656,6,93,0.806451612903226,0.966881841145102,0.886666727024164,0.663716814159292,0.0223419666290283,"ok",NA,"2026-08-09 00:31:12"
"pageblocks","LOF","MinPts=11..30, max over k, threshold=1.5",4795,10,510,0.201960784313725,0.947724620770128,0.574842702541927,0.217574989438107,1.24496793746948,"ok",NA,"2026-08-09 00:31:13"
"pageblocks","DBSCAN","minPts=4, eps=2.5669 (4-dist at 1-contam=0.8936), input=X (df->X defect fixed)",4795,10,510,0.515686274509804,0.974095682613769,0.744890978561787,0.544739022369511,1.84122204780579,"ok",NA,"2026-08-09 00:31:15"
"pageblocks","MST","cont=0.02, thresh=1.2 (uniform across all data sets)",4795,10,510,1,0.0226371061843641,0.511318553092182,0.378450578806768,48.7724099159241,"ok",NA,"2026-08-09 00:32:04"
"pageblocks","ODIN","k=round(sqrt(n))=69, indeg_thr=round(n^(1/3))=17 (defaults)",4795,10,510,0.0647058823529412,0.990198366394399,0.52745212437367,0.0780141843971631,1.9544198513031,"ok",NA,"2026-08-09 00:32:06"
"pageblocks","iForest","ntrees=1000, sample_size=256, seed=1, threshold=0.55",4795,10,510,0.317647058823529,0.962193698949825,0.639920378886677,0.342639593908629,0.0274770259857178,"ok",NA,"2026-08-09 00:32:06"
