"dataset","method","TPR_asloaded","TNR_asloaded","BA_asloaded","F2_asloaded","TPR_sorted","TNR_sorted","BA_sorted","F2_sorted","max_abs_diff","identical_3dp","timestamp"
"glass","U-MCCD",1,0.441176470588235,0.720588235294118,0.283018867924528,1,0.441176470588235,0.720588235294118,0.283018867924528,0,TRUE,"2026-08-09 00:10:03"
"glass","SU-MCCD",1,0.647058823529412,0.823529411764706,0.384615384615385,1,0.647058823529412,0.823529411764706,0.384615384615385,0,TRUE,"2026-08-09 00:10:09"
"glass","UN-MCCD",0.222222222222222,0.764705882352941,0.493464052287582,0.116279069767442,0.222222222222222,0.764705882352941,0.493464052287582,0.116279069767442,0,TRUE,"2026-08-09 00:10:09"
"glass","SUN-MCCD",1,0.53921568627451,0.769607843137255,0.323741007194245,1,0.53921568627451,0.769607843137255,0.323741007194245,0,TRUE,"2026-08-09 00:10:10"
"glass","DBSCAN",0.111111111111111,0.980392156862745,0.545751633986928,0.121951219512195,0.111111111111111,0.980392156862745,0.545751633986928,0.121951219512195,0,TRUE,"2026-08-09 00:10:10"
"glass","MST",0.666666666666667,0.691176470588235,0.678921568627451,0.285714285714286,0.666666666666667,0.691176470588235,0.678921568627451,0.285714285714286,0,TRUE,"2026-08-09 00:10:10"
"glass","ODIN",0.333333333333333,0.833333333333333,0.583333333333333,0.205479452054795,0.333333333333333,0.833333333333333,0.583333333333333,0.205479452054795,0,TRUE,"2026-08-09 00:10:10"
"glass","iForest",0.111111111111111,0.936274509803922,0.523692810457516,0.1,0.111111111111111,0.936274509803922,0.523692810457516,0.1,0,TRUE,"2026-08-09 00:10:10"
"ecoli","U-MCCD",0.875,0.664634146341463,0.769817073170732,0.23489932885906,0.875,0.664634146341463,0.769817073170732,0.23489932885906,0,TRUE,"2026-08-09 00:10:32"
"ecoli","SU-MCCD",0.875,0.786585365853659,0.830792682926829,0.321100917431193,0.875,0.786585365853659,0.830792682926829,0.321100917431193,0,TRUE,"2026-08-09 00:10:39"
"ecoli","UN-MCCD",0.875,0.670731707317073,0.772865853658537,0.238095238095238,0.875,0.719512195121951,0.797256097560976,0.267175572519084,0.048780487804878,FALSE,"2026-08-09 00:10:39"
"ecoli","SUN-MCCD",0.875,0.798780487804878,0.836890243902439,0.333333333333333,0.875,0.798780487804878,0.836890243902439,0.333333333333333,0,TRUE,"2026-08-09 00:10:40"
"ecoli","DBSCAN",0.125,1,0.5625,0.151515151515152,0.125,1,0.5625,0.151515151515152,0,TRUE,"2026-08-09 00:10:40"
"ecoli","MST",0.875,0.545731707317073,0.710365853658537,0.186170212765957,0.875,0.545731707317073,0.710365853658537,0.186170212765957,0,TRUE,"2026-08-09 00:10:40"
"ecoli","ODIN",0.625,0.853658536585366,0.739329268292683,0.294117647058824,0.625,0.853658536585366,0.739329268292683,0.294117647058824,0,TRUE,"2026-08-09 00:10:40"
"ecoli","iForest",0.75,0.972560975609756,0.861280487804878,0.638297872340425,0.75,0.972560975609756,0.861280487804878,0.638297872340425,0,TRUE,"2026-08-09 00:10:40"
