"setting","method","d","n_reps","BA_range_mean","BA_range_sd","min_jaccard_mean","min_jaccard_min","frac_identical_all_alpha"
"gaussian","SU-MCCD",2,20,0.066269841269841,0.0330810336539794,0.412591664280511,0.220588235294118,0
"gaussian","SU-MCCD",3,20,0.105026455026455,0.0708517609853923,0.337035384059532,0.112068965517241,0
"gaussian","SU-MCCD",5,20,0.234391534391534,0.0742846194227499,0.202037004020088,0.111111111111111,0
"gaussian","SU-MCCD",10,20,0.240740740740741,0.084066626449651,0.318903976618699,0.1015625,0
"gaussian","SU-MCCD",20,20,0.0808201058201058,0.0666312678691806,0.798671914173122,0.577889447236181,0.1
"gaussian","SU-MCCD",35,20,0.0801587301587301,0.0683430649442067,0.768024734195393,0.050251256281407,0.15
"gaussian","SU-MCCD",50,20,0,0,1,1,1
"gaussian","SU-MCCD",100,20,0,0,1,1,1
"gaussian","U-MCCD",2,20,0.0552910052910052,0.0237537637240571,0.574100087948055,0.377777777777778,0
"gaussian","U-MCCD",3,20,0.0601851851851851,0.0394159335163287,0.594454093194752,0.389380530973451,0
"gaussian","U-MCCD",5,20,0.0796296296296296,0.0301865647102559,0.488182455475133,0.319148936170213,0
"gaussian","U-MCCD",10,20,0.16031746031746,0.0844094499760306,0.357121670189118,0.19774011299435,0
"gaussian","U-MCCD",20,20,0.137433862433862,0.0747644312841123,0.367732249466011,0.212765957446809,0
"gaussian","U-MCCD",35,20,0.0949735449735451,0.0646584819488655,0.429328829861457,0.237762237762238,0
"gaussian","U-MCCD",50,20,0,0,1,1,1
"gaussian","U-MCCD",100,20,0,0,1,1,1
"uniform","SU-MCCD",2,20,0.00701058201058211,0.0094131305148511,0.834311959969855,0.416666666666667,0.3
"uniform","SU-MCCD",3,20,0.0103174603174604,0.011480255873973,0.776023720431615,0.416666666666667,0.3
"uniform","SU-MCCD",5,20,0.190476190476191,0.105086569259499,0.254079689367616,0.0884955752212389,0.05
"uniform","SU-MCCD",10,20,0.259523809523809,0.0710791084118923,0.112490320957658,0.050251256281407,0
"uniform","SU-MCCD",20,20,0.0697089947089943,0.0832001782806648,0.455138211763093,0.050251256281407,0.1
"uniform","SU-MCCD",35,20,0.0489417989417987,0.0817406468375145,0.491700880875393,0.050251256281407,0.05
"uniform","SU-MCCD",50,20,0,0,1,1,1
"uniform","SU-MCCD",100,20,0,0,1,1,1
"uniform","U-MCCD",2,20,0.0260846560846562,0.059820104785619,0.765549034299034,0.227272727272727,0.15
"uniform","U-MCCD",3,20,0.0800661375661375,0.142218325683045,0.620772500070869,0,0.1
"uniform","U-MCCD",5,20,0.0354497354497355,0.0432866255201292,0.54591474756296,0.121951219512195,0
"uniform","U-MCCD",10,20,0.108862433862434,0.0841335297618689,0.248751289883213,0.0854700854700855,0
"uniform","U-MCCD",20,20,0.172089947089947,0.101537087718618,0.190918956985762,0.08,0
"uniform","U-MCCD",35,20,0.161111111111111,0.106354470900784,0.257135075611461,0.11038961038961,0
"uniform","U-MCCD",50,20,0,0,1,1,1
"uniform","U-MCCD",100,20,0,0,1,1,1
