"dataset","method","d","metric","tokA","tokB","published","shipped","shipped_matches_published","shipped_trunc","comparison_target","target_is","A_min","A_max","A_median","A_n_distinct","B_min","B_max","B_median","B_n_distinct","distributions_coincide","target_in_A","target_in_B","verdict"
"hepatitis","UN-MCCD",19,"BA","99","999",0.686,0.685501066098081,TRUE,NA,0.686,"published",0.678038379530917,0.685501066098081,0.685501066098081,2,0.602345415778252,0.700426439232409,0.678038379530917,4,FALSE,TRUE,TRUE,"consistent with both"
"hepatitis","UN-MCCD",19,"F2","99","999",0.446,0.446428571428572,TRUE,NA,0.446,"published",0.43859649122807,0.446428571428572,0.446428571428572,2,0.326086956521739,0.462962962962963,0.43859649122807,4,FALSE,TRUE,TRUE,"consistent with both"
"hepatitis","UN-MCCD",19,"TPR","99","999",0.714,0.714285714285714,TRUE,NA,0.714,"published",0.714285714285714,0.714285714285714,0.714285714285714,1,0.428571428571429,0.714285714285714,0.714285714285714,2,FALSE,TRUE,TRUE,"consistent with both"
"hepatitis","UN-MCCD",19,"TNR","99","999",0.657,0.656716417910448,TRUE,NA,0.657,"published",0.641791044776119,0.656716417910448,0.656716417910448,2,0.626865671641791,0.776119402985075,0.641791044776119,4,FALSE,TRUE,TRUE,"consistent with both"
"hepatitis","SUN-MCCD",19,"BA","99","999",0.686,0.685501066098081,TRUE,NA,0.686,"published",0.685501066098081,0.704690831556503,0.685501066098081,2,0.594882729211087,0.704690831556503,0.704690831556503,3,FALSE,TRUE,TRUE,"consistent with both"
"hepatitis","SUN-MCCD",19,"F2","99","999",0.446,0.446428571428572,TRUE,NA,0.446,"published",0.446428571428572,0.46875,0.446428571428572,2,0.319148936170213,0.46875,0.46875,3,FALSE,TRUE,TRUE,"consistent with both"
"hepatitis","SUN-MCCD",19,"TPR","99","999",0.714,0.714285714285714,TRUE,NA,0.714,"published",0.714285714285714,0.857142857142857,0.714285714285714,2,0.428571428571429,0.857142857142857,0.857142857142857,3,FALSE,TRUE,TRUE,"consistent with both"
"hepatitis","SUN-MCCD",19,"TNR","99","999",0.657,0.656716417910448,TRUE,NA,0.657,"published",0.552238805970149,0.656716417910448,0.656716417910448,2,0.552238805970149,0.761194029850746,0.552238805970149,3,FALSE,TRUE,TRUE,"consistent with both"
"lymphography","UN-MCCD",18,"BA","99","999",0.93,0.929577464788732,TRUE,NA,0.93,"published",0.811032863849765,0.929577464788732,0.929577464788732,3,0.929577464788732,0.961267605633803,0.943661971830986,3,FALSE,TRUE,TRUE,"consistent with both"
"lymphography","UN-MCCD",18,"F2","99","999",0.6,0.6,TRUE,NA,0.6,"published",0.423728813559322,0.6,0.6,3,0.6,0.731707317073171,0.657142857142857,3,FALSE,TRUE,TRUE,"consistent with both"
"lymphography","UN-MCCD",18,"TPR","99","999",1,1,TRUE,NA,1,"published",0.833333333333333,1,1,2,1,1,1,1,FALSE,TRUE,TRUE,"consistent with both"
"lymphography","UN-MCCD",18,"TNR","99","999",0.859,0.859154929577465,TRUE,NA,0.859,"published",0.788732394366197,0.859154929577465,0.859154929577465,3,0.859154929577465,0.922535211267606,0.887323943661972,3,FALSE,TRUE,TRUE,"consistent with both"
"lymphography","SUN-MCCD",18,"BA","99","999",0.94,0.940140845070423,TRUE,NA,0.94,"published",0.940140845070423,0.940140845070423,0.940140845070423,1,0.940140845070423,0.940140845070423,0.940140845070423,1,TRUE,TRUE,TRUE,"NO POWER (A and B give the same values)"
"lymphography","SUN-MCCD",18,"F2","99","999",0.638,0.638297872340426,TRUE,NA,0.638,"published",0.638297872340426,0.638297872340426,0.638297872340426,1,0.638297872340426,0.638297872340426,0.638297872340426,1,TRUE,TRUE,TRUE,"NO POWER (A and B give the same values)"
"lymphography","SUN-MCCD",18,"TPR","99","999",1,1,TRUE,NA,1,"published",1,1,1,1,1,1,1,1,TRUE,TRUE,TRUE,"NO POWER (A and B give the same values)"
"lymphography","SUN-MCCD",18,"TNR","99","999",0.88,0.880281690140845,TRUE,NA,0.88,"published",0.880281690140845,0.880281690140845,0.880281690140845,1,0.880281690140845,0.880281690140845,0.880281690140845,1,TRUE,TRUE,TRUE,"NO POWER (A and B give the same values)"
"glass","UN-MCCD",9,"BA","95","99",0.493,0.493464052287582,TRUE,NA,0.493,"published",0.493464052287582,0.757352941176471,0.511846405228758,3,0.493464052287582,0.767156862745098,0.767156862745098,2,FALSE,TRUE,TRUE,"consistent with both"
"glass","UN-MCCD",9,"F2","95","99",0.116,0.116279069767442,TRUE,NA,0.116,"published",0.116279069767442,0.3125,0.128562070094988,3,0.116279069767442,0.321428571428571,0.321428571428571,2,FALSE,TRUE,TRUE,"consistent with both"
"glass","UN-MCCD",9,"TPR","95","99",0.222,0.222222222222222,TRUE,NA,0.222,"published",0.222222222222222,1,0.222222222222222,2,0.222222222222222,1,1,2,FALSE,TRUE,TRUE,"consistent with both"
"glass","UN-MCCD",9,"TNR","95","99",0.765,0.764705882352941,TRUE,NA,0.765,"published",0.514705882352941,0.838235294117647,0.764705882352941,3,0.534313725490196,0.764705882352941,0.534313725490196,2,FALSE,TRUE,TRUE,"consistent with both"
"glass","SUN-MCCD",9,"BA","95","99",0.77,0.769607843137255,TRUE,NA,0.77,"published",0.769607843137255,0.769607843137255,0.769607843137255,1,0.759803921568627,0.759803921568627,0.759803921568627,1,FALSE,TRUE,FALSE,"95"
"glass","SUN-MCCD",9,"F2","95","99",0.324,0.323741007194245,TRUE,NA,0.324,"published",0.323741007194245,0.323741007194245,0.323741007194245,1,0.314685314685315,0.314685314685315,0.314685314685315,1,FALSE,TRUE,FALSE,"95"
"glass","SUN-MCCD",9,"TPR","95","99",1,1,TRUE,NA,1,"published",1,1,1,1,1,1,1,1,TRUE,TRUE,TRUE,"NO POWER (A and B give the same values)"
"glass","SUN-MCCD",9,"TNR","95","99",0.539,0.53921568627451,TRUE,NA,0.539,"published",0.53921568627451,0.53921568627451,0.53921568627451,1,0.519607843137255,0.519607843137255,0.519607843137255,1,FALSE,TRUE,FALSE,"95"
"WBC","UN-MCCD",9,"BA","95","99",0.749,0.748826291079812,TRUE,NA,0.749,"published",0.748826291079812,0.748826291079812,0.748826291079812,1,0.748826291079812,0.748826291079812,0.748826291079812,1,TRUE,TRUE,TRUE,"NO POWER (A and B give the same values)"
"WBC","UN-MCCD",9,"F2","95","99",0.318,0.318471337579618,TRUE,NA,0.318,"published",0.318471337579618,0.318471337579618,0.318471337579618,1,0.318471337579618,0.318471337579618,0.318471337579618,1,TRUE,TRUE,TRUE,"NO POWER (A and B give the same values)"
"WBC","UN-MCCD",9,"TPR","95","99",1,1,TRUE,NA,1,"published",1,1,1,1,1,1,1,1,TRUE,TRUE,TRUE,"NO POWER (A and B give the same values)"
"WBC","UN-MCCD",9,"TNR","95","99",0.498,0.497652582159624,TRUE,NA,0.498,"published",0.497652582159624,0.497652582159624,0.497652582159624,1,0.497652582159624,0.497652582159624,0.497652582159624,1,TRUE,TRUE,TRUE,"NO POWER (A and B give the same values)"
"WBC","SUN-MCCD",9,"BA","95","99",0.782,0.78169014084507,TRUE,NA,0.782,"published",0.765258215962441,0.78169014084507,0.78169014084507,2,0.78169014084507,0.833333333333333,0.833333333333333,2,FALSE,TRUE,TRUE,"consistent with both"
"WBC","SUN-MCCD",9,"F2","95","99",0.35,0.34965034965035,TRUE,NA,0.35,"published",0.333333333333333,0.34965034965035,0.34965034965035,2,0.34965034965035,0.413223140495868,0.413223140495868,2,FALSE,TRUE,TRUE,"consistent with both"
"WBC","SUN-MCCD",9,"TPR","95","99",1,1,TRUE,NA,1,"published",1,1,1,1,1,1,1,1,TRUE,TRUE,TRUE,"NO POWER (A and B give the same values)"
"WBC","SUN-MCCD",9,"TNR","95","99",0.563,0.563380281690141,TRUE,NA,0.563,"published",0.530516431924883,0.563380281690141,0.563380281690141,2,0.563380281690141,0.666666666666667,0.666666666666667,2,FALSE,TRUE,TRUE,"consistent with both"
"vertebral","UN-MCCD",6,"BA","95","99",0.474,0.473809523809524,TRUE,NA,0.474,"published",0.452380952380952,0.507142857142857,0.485714285714286,4,0.404761904761905,0.585714285714286,0.515476190476191,5,FALSE,TRUE,TRUE,"consistent with both"
"vertebral","UN-MCCD",6,"F2","95","99",0.036,0.0359712230215827,TRUE,NA,0.036,"published",0.0671140939597316,0.179640718562874,0.137757369278626,4,0.0297619047619048,0.336538461538462,0.177999662959218,5,FALSE,FALSE,TRUE,"99"
"vertebral","UN-MCCD",6,"TPR","95","99",0.033,0.0333333333333333,TRUE,NA,0.033,"published",0.0666666666666667,0.2,0.15,4,0.0333333333333333,0.466666666666667,0.2,3,FALSE,FALSE,TRUE,"99"
"vertebral","UN-MCCD",6,"TNR","95","99",0.914,0.914285714285714,TRUE,NA,0.914,"published",0.771428571428571,0.871428571428571,0.847619047619048,4,0.642857142857143,0.919047619047619,0.776190476190476,5,FALSE,FALSE,TRUE,"99"
"vertebral","SUN-MCCD",6,"BA","95","99",0.514,0.514285714285714,TRUE,NA,0.514,"published",0.483333333333333,0.547619047619048,0.523809523809524,4,0.45952380952381,0.511904761904762,0.49047619047619,6,FALSE,TRUE,FALSE,"95"
"vertebral","SUN-MCCD",6,"F2","95","99",0.109,0.108695652173913,TRUE,NA,0.109,"published",0.107142857142857,0.178571428571429,0.149698637316562,4,0,0.161290322580645,0.0706635318704285,7,FALSE,TRUE,TRUE,"consistent with both"
"vertebral","SUN-MCCD",6,"TPR","95","99",0.1,0.1,TRUE,NA,0.1,"published",0.1,0.166666666666667,0.15,3,0,0.166666666666667,0.0666666666666667,5,FALSE,TRUE,TRUE,"consistent with both"
"vertebral","SUN-MCCD",6,"TNR","95","99",0.929,0.928571428571429,TRUE,NA,0.929,"published",0.833333333333333,0.928571428571429,0.919047619047619,4,0.847619047619048,0.947619047619048,0.890476190476191,6,FALSE,TRUE,TRUE,"consistent with both"
"ecoli","UN-MCCD",7,"BA","95","99",0.773,0.772865853658537,TRUE,NA,0.773,"published",0.76219512195122,0.772865853658537,0.772865853658537,2,0.73780487804878,0.823170731707317,0.798018292682927,7,FALSE,TRUE,TRUE,"consistent with both"
"ecoli","UN-MCCD",7,"F2","95","99",0.238,0.238095238095238,TRUE,NA,0.238,"published",0.227272727272727,0.238095238095238,0.238095238095238,2,0.234375,0.307017543859649,0.26975051975052,7,FALSE,TRUE,TRUE,"consistent with both"
"ecoli","UN-MCCD",7,"TPR","95","99",0.875,0.875,TRUE,NA,0.875,"published",0.875,0.875,0.875,1,0.75,0.875,0.875,2,FALSE,TRUE,TRUE,"consistent with both"
"ecoli","UN-MCCD",7,"TNR","95","99",0.671,0.670731707317073,TRUE,NA,0.671,"published",0.649390243902439,0.670731707317073,0.670731707317073,2,0.716463414634146,0.777439024390244,0.746951219512195,7,FALSE,TRUE,FALSE,"95"
"ecoli","SUN-MCCD",7,"BA","95","99",0.837,0.836890243902439,TRUE,NA,0.837,"published",0.759146341463415,0.836890243902439,0.836890243902439,2,0.814024390243902,0.847560975609756,0.830792682926829,3,FALSE,TRUE,TRUE,"consistent with both"
"ecoli","SUN-MCCD",7,"F2","95","99",0.333,0.333333333333333,TRUE,NA,0.333,"published",0.202020202020202,0.333333333333333,0.333333333333333,2,0.291666666666667,0.357142857142857,0.321100917431193,3,FALSE,TRUE,TRUE,"consistent with both"
"ecoli","SUN-MCCD",7,"TPR","95","99",0.875,0.875,TRUE,NA,0.875,"published",0.875,1,0.875,2,0.875,0.875,0.875,1,FALSE,TRUE,TRUE,"consistent with both"
"ecoli","SUN-MCCD",7,"TNR","95","99",0.799,0.798780487804878,TRUE,NA,0.799,"published",0.518292682926829,0.798780487804878,0.798780487804878,2,0.753048780487805,0.820121951219512,0.786585365853659,3,FALSE,TRUE,TRUE,"consistent with both"
"stamps","UN-MCCD",9,"BA","95","99",0.648,0.648084351184884,TRUE,NA,0.648,"published",0.619741100323625,0.648084351184884,0.646492326965237,4,0.474057834847061,0.648084351184884,0.487785781396806,6,FALSE,TRUE,TRUE,"consistent with both"
"stamps","UN-MCCD",9,"F2","95","99",0.381,0.380710659898477,TRUE,NA,0.381,"published",0.372340425531915,0.398457583547558,0.380710659898477,4,0.0331125827814569,0.380710659898477,0.0504566210045662,6,FALSE,TRUE,TRUE,"consistent with both"
"stamps","UN-MCCD",9,"TPR","95","99",0.484,0.483870967741935,TRUE,NA,0.484,"published",0.451612903225806,1,0.483870967741935,3,0.032258064516129,0.483870967741935,0.0483870967741935,4,FALSE,TRUE,TRUE,"consistent with both"
"stamps","UN-MCCD",9,"TNR","95","99",0.812,0.812297734627832,TRUE,NA,0.812,"published",0.239482200647249,0.838187702265372,0.812297734627832,4,0.812297734627832,0.932038834951456,0.919093851132686,6,FALSE,TRUE,TRUE,"consistent with both"
"stamps","SUN-MCCD",9,"BA","95","99",0.7,0.699812088944566,TRUE,NA,0.7,"published",0.699812088944566,0.84789644012945,0.773854264537008,2,0.699812088944566,0.699812088944566,0.699812088944566,1,FALSE,TRUE,TRUE,"consistent with both"
"stamps","SUN-MCCD",9,"F2","95","99",0.455,0.454545454545455,TRUE,NA,0.455,"published",0.454545454545455,0.622489959839357,0.538517707192406,2,0.454545454545455,0.454545454545455,0.454545454545455,1,FALSE,TRUE,TRUE,"consistent with both"
"stamps","SUN-MCCD",9,"TPR","95","99",0.516,0.516129032258065,TRUE,NA,0.516,"published",0.516129032258065,1,0.758064516129032,2,0.516129032258065,0.516129032258065,0.516129032258065,1,FALSE,TRUE,TRUE,"consistent with both"
"stamps","SUN-MCCD",9,"TNR","95","99",0.883,0.883495145631068,TRUE,NA,0.883,"published",0.6957928802589,0.883495145631068,0.789644012944984,2,0.883495145631068,0.883495145631068,0.883495145631068,1,FALSE,TRUE,TRUE,"consistent with both"
"pima","UN-MCCD",8,"BA","95","99",0.536,0.536454545454546,TRUE,NA,0.536,"published",0.526363636363636,0.551454545454545,0.534454545454546,4,0.496727272727273,0.696818181818182,0.557045454545454,7,FALSE,TRUE,TRUE,"consistent with both"
"pima","UN-MCCD",8,"F2","95","99",0.232,0.231884057971014,TRUE,NA,0.232,"published",0.217391304347826,0.242424242424242,0.230547550432277,4,0.121951219512195,0.474910394265233,0.243994836682007,7,FALSE,TRUE,TRUE,"consistent with both"
"pima","UN-MCCD",8,"TPR","95","99",0.291,0.290909090909091,TRUE,NA,0.291,"published",0.272727272727273,0.290909090909091,0.290909090909091,2,0.127272727272727,0.963636363636364,0.3,6,FALSE,TRUE,TRUE,"consistent with both"
"pima","UN-MCCD",8,"TNR","95","99",0.782,0.782,TRUE,NA,0.782,"published",0.778,0.812,0.78,4,0.43,0.88,0.814,7,FALSE,TRUE,TRUE,"consistent with both"
"pima","SUN-MCCD",8,"BA","95","99",0.721,0.721454545454545,TRUE,NA,0.721,"published",0.721454545454545,0.728454545454545,0.721454545454545,3,0.534090909090909,0.728454545454545,0.717272727272727,6,FALSE,TRUE,TRUE,"consistent with both"
"pima","SUN-MCCD",8,"F2","95","99",0.497,0.496957403651116,TRUE,NA,0.497,"published",0.496957403651116,0.504115226337449,0.496957403651116,3,0.195439739413681,0.504115226337449,0.492662473794549,6,FALSE,TRUE,TRUE,"consistent with both"
"pima","SUN-MCCD",8,"TPR","95","99",0.891,0.890909090909091,TRUE,NA,0.891,"published",0.890909090909091,0.945454545454545,0.890909090909091,2,0.218181818181818,0.890909090909091,0.854545454545454,5,FALSE,TRUE,TRUE,"consistent with both"
"pima","SUN-MCCD",8,"TNR","95","99",0.552,0.552,TRUE,NA,0.552,"published",0.506,0.566,0.552,3,0.56,0.852,0.58,5,FALSE,TRUE,FALSE,"95"
"shuffle","UN-MCCD",9,"BA","95","99",0.855,0.8545,TRUE,NA,0.855,"published",0.560923076923077,0.8595,0.849,7,0.487,0.878,0.591,7,FALSE,TRUE,TRUE,"consistent with both"
"shuffle","UN-MCCD",9,"F2","95","99",0.183,0.182584269662921,TRUE,NA,0.183,"published",0.116279069767442,0.187861271676301,0.177123552123552,7,0,0.210355987055016,0.0736160830523322,6,FALSE,TRUE,TRUE,"consistent with both"
"shuffle","UN-MCCD",9,"TPR","95","99",1,1,TRUE,NA,1,"published",0.153846153846154,1,1,2,0,1,1,2,FALSE,TRUE,TRUE,"consistent with both"
"shuffle","UN-MCCD",9,"TNR","95","99",0.709,0.709,TRUE,NA,0.709,"published",0.616,0.968,0.7055,7,0.176,0.975,0.738,7,FALSE,TRUE,TRUE,"consistent with both"
"shuffle","SUN-MCCD",9,"BA","95","99",0.832,0.832,TRUE,NA,0.832,"published",0.572,0.8565,0.832,3,0.64,0.832,0.64,3,FALSE,TRUE,TRUE,"consistent with both"
"shuffle","SUN-MCCD",9,"F2","95","99",0.162,0.162094763092269,TRUE,NA,0.162,"published",0.0705754614549403,0.184659090909091,0.162094763092269,3,0.0828025477707006,0.162094763092269,0.0828025477707006,3,FALSE,TRUE,TRUE,"consistent with both"
"shuffle","SUN-MCCD",9,"TPR","95","99",1,1,TRUE,NA,1,"published",1,1,1,1,1,1,1,1,TRUE,TRUE,TRUE,"NO POWER (A and B give the same values)"
"shuffle","SUN-MCCD",9,"TNR","95","99",0.664,0.664,TRUE,NA,0.664,"published",0.144,0.713,0.664,3,0.28,0.664,0.28,3,FALSE,TRUE,TRUE,"consistent with both"
"vowels","UN-MCCD",12,"BA","99","999",0.771,0.770625889046942,TRUE,0.770625889046942,0.770625889046942,"shipped_trunc (fresh tables are shorter than n)",0.636928690704434,0.808738944894551,0.769914651493599,6,0.610721133032346,0.905359020347579,0.769559032716927,4,FALSE,TRUE,TRUE,"consistent with both"
"vowels","UN-MCCD",12,"F2","99","999",0.263,0.262857142857143,TRUE,0.262857142857143,0.262857142857143,"shipped_trunc (fresh tables are shorter than n)",0.225048923679061,0.336065573770492,0.262557419775208,6,0.229681978798587,0.508083140877598,0.261958997722096,4,FALSE,TRUE,TRUE,"consistent with both"
"vowels","UN-MCCD",12,"TPR","99","999",1,1,TRUE,1,1,"shipped_trunc (fresh tables are shorter than n)",0.347826086956522,1,1,3,0.282608695652174,1,1,3,FALSE,TRUE,TRUE,"consistent with both"
"vowels","UN-MCCD",12,"TNR","99","999",0.541,0.541251778093883,TRUE,0.541251778093883,0.541251778093883,"shipped_trunc (fresh tables are shorter than n)",0.436699857752489,0.926031294452347,0.540540540540541,6,0.539118065433855,0.938833570412518,0.540184921763869,4,FALSE,TRUE,TRUE,"consistent with both"
"vowels","SUN-MCCD",12,"BA","99","999",0.77,0.770424887129693,TRUE,0.770424887129693,0.770424887129693,"shipped_trunc (fresh tables are shorter than n)",0.658250355618777,0.770424887129693,0.770424887129693,2,0.658049353701528,0.940518894180221,0.770424887129693,3,FALSE,TRUE,TRUE,"consistent with both"
"vowels","SUN-MCCD",12,"F2","99","999",0.267,0.266587677725118,TRUE,0.266587677725118,0.266587677725118,"shipped_trunc (fresh tables are shorter than n)",0.19311502938707,0.266587677725118,0.266587677725118,2,0.193965517241379,0.774907749077491,0.266587677725118,3,FALSE,TRUE,TRUE,"consistent with both"
"vowels","SUN-MCCD",12,"TPR","99","999",0.978,0.978260869565217,TRUE,0.978260869565217,0.978260869565217,"shipped_trunc (fresh tables are shorter than n)",0.978260869565217,1,0.978260869565217,2,0.91304347826087,0.978260869565217,0.978260869565217,2,FALSE,TRUE,TRUE,"consistent with both"
"vowels","SUN-MCCD",12,"TNR","99","999",0.563,0.562588904694168,TRUE,0.562588904694168,0.562588904694168,"shipped_trunc (fresh tables are shorter than n)",0.316500711237553,0.562588904694168,0.562588904694168,2,0.337837837837838,0.967994310099573,0.562588904694168,3,FALSE,TRUE,TRUE,"consistent with both"
