"dataset","method","n","d","labels_identical","jaccard","n_flag_asc","n_flag_desc","k_asc","k_desc","k_changed","radii_sig_same","dTPR","dTNR","dBA","dF2","BA_asc","BA_desc","sec_asc","sec_desc"
"glass","SUN-MCCD",213,9,FALSE,0.533678756476684,103,193,1,1,FALSE,FALSE,0,-0.441176470588236,-0.220588235294118,-0.127234456975904,0.769607843137255,0.549019607843137,0.102668762207031,10.5207681655884
"stamps","UN-MCCD",340,9,FALSE,0.185185185185185,73,23,2,36,TRUE,FALSE,-0.451612903225806,0.116504854368932,-0.167554024428438,-0.3466970544563,0.648084351184884,0.480530326756446,0.372294902801514,64.5266020298004
"pima","UN-MCCD",555,8,FALSE,0.363957597173145,125,261,2,2,FALSE,FALSE,0.490909090909091,-0.218,0.136454545454545,0.215101389014433,0.536454545454546,0.672909090909091,1.14364194869995,385.866219997406
"vertebral","UN-MCCD",240,6,FALSE,0.395833333333333,19,48,2,2,FALSE,FALSE,0,-0.138095238095238,-0.069047619047619,-0.0062093182596779,0.473809523809524,0.404761904761905,0.152776002883911,16.1842679977417
"glass","UN-MCCD",213,9,FALSE,0.259067357512953,50,193,3,1,TRUE,FALSE,0.777777777777778,-0.666666666666667,0.055555555555555,0.080227480450899,0.493464052287582,0.549019607843137,0.152359962463379,10.6201279163361
"vertebral","SUN-MCCD",240,6,FALSE,0.32,18,15,2,2,FALSE,FALSE,-0.1,0,-0.05,-0.108695652173913,0.514285714285714,0.464285714285714,0.147690773010254,17.1402869224548
"ecoli","SUN-MCCD",336,7,FALSE,0.829545454545455,73,88,1,1,FALSE,FALSE,0,-0.045731707317073,-0.022865853658537,-0.041666666666666,0.836890243902439,0.814024390243902,0.2606360912323,59.4444189071655
"WBC","SUN-MCCD",223,9,FALSE,0.980952380952381,103,105,2,2,FALSE,FALSE,0,-0.00938967136150304,-0.00469483568075102,-0.004822763443453,0.78169014084507,0.776995305164319,0.41956901550293,13.9602570533752
"pima","SUN-MCCD",555,8,FALSE,0.941379310344828,273,290,1,1,FALSE,FALSE,0.036363636363636,-0.03,0.00318181818181895,0.00304259634888399,0.721454545454545,0.724636363636364,0.860300064086914,393.879240989685
"ecoli","UN-MCCD",336,7,FALSE,0.991304347826087,115,114,2,2,FALSE,FALSE,0,0.00304878048780499,0.00152439024390205,0.00163078930202201,0.772865853658537,0.774390243902439,0.482558965682983,61.8508870601654
"hepatitis","UN-MCCD",74,19,TRUE,1,28,28,1,1,FALSE,FALSE,0,0,0,0,0.685501066098081,0.685501066098081,0.127208948135376,0.393794059753418
"hepatitis","SUN-MCCD",74,19,TRUE,1,28,28,1,1,FALSE,FALSE,0,0,0,0,0.685501066098081,0.685501066098081,0.0362989902496338,0.365675926208496
"lymphography","UN-MCCD",148,18,TRUE,1,26,26,2,2,FALSE,FALSE,0,0,0,0,0.929577464788732,0.929577464788732,0.165418863296509,3.08633494377136
"lymphography","SUN-MCCD",148,18,TRUE,1,23,23,1,1,FALSE,FALSE,0,0,0,0,0.940140845070423,0.940140845070423,0.0658140182495117,3.18875598907471
"WBC","UN-MCCD",223,9,TRUE,1,117,117,2,2,FALSE,FALSE,0,0,0,0,0.748826291079812,0.748826291079812,0.149049043655396,12.6737010478973
"stamps","SUN-MCCD",340,9,TRUE,1,52,52,1,1,FALSE,FALSE,0,0,0,0,0.699812088944566,0.699812088944566,0.259085178375244,65.4050159454346
"WDBC","UN-MCCD",367,30,TRUE,1,302,302,1,1,FALSE,FALSE,0,0,0,0,0.591036414565826,0.591036414565826,0.542879104614258,96.3208200931549
"WDBC","SUN-MCCD",367,30,TRUE,1,251,251,1,1,FALSE,FALSE,0,0,0,0,0.662464985994398,0.662464985994398,0.422349214553833,86.6304750442505
