"dataset","method","n","d","seed_a","seed_b","status_a","status_b","score_identical","radii_identical","cluster_identical","delta_identical","metrics_identical","random_seed_touched","runif_seed777_no_call","runif_seed777_after_call","runif_identical","n_flagged_a","n_flagged_b","n_clusters_a","n_clusters_b","BA_a","BA_b","radii_tap_calls","elapsed_a","elapsed_b"
"glass","SU-MCCD",213,9,1,20260809,"ok","ok",TRUE,TRUE,TRUE,TRUE,TRUE,FALSE,0.687857406679541,0.687857406679541,TRUE,81,81,1,1,0.823529411764706,0.823529411764706,1,2.86276888847351,2.86895608901978
"glass","SUN-MCCD",213,9,1,20260809,"ok","ok",TRUE,TRUE,TRUE,TRUE,TRUE,FALSE,0.687857406679541,0.687857406679541,TRUE,103,103,1,1,0.769607843137255,0.769607843137255,1,0.107496023178101,0.106774091720581
"glass","U-MCCD",213,9,1,20260809,"ok","ok",TRUE,TRUE,TRUE,TRUE,TRUE,FALSE,0.687857406679541,0.687857406679541,TRUE,123,123,4,4,0.720588235294118,0.720588235294118,1,2.98117208480835,2.96569991111755
"glass","UN-MCCD",213,9,1,20260809,"ok","ok",TRUE,TRUE,TRUE,TRUE,TRUE,FALSE,0.687857406679541,0.687857406679541,TRUE,50,50,3,3,0.493464052287582,0.493464052287582,1,0.172734022140503,0.183449029922485
"hepatitis","SU-MCCD",74,19,1,20260809,"ok","ok",TRUE,TRUE,TRUE,TRUE,TRUE,FALSE,0.687857406679541,0.687857406679541,TRUE,7,7,1,1,0.605543710021322,0.605543710021322,1,2.02382302284241,2.00371694564819
"hepatitis","SUN-MCCD",74,19,1,20260809,"ok","ok",TRUE,TRUE,TRUE,TRUE,TRUE,FALSE,0.687857406679541,0.687857406679541,TRUE,36,36,2,2,0.704690831556503,0.704690831556503,1,0.0441651344299316,0.0289649963378906
"hepatitis","U-MCCD",74,19,1,20260809,"ok","ok",TRUE,TRUE,TRUE,TRUE,TRUE,FALSE,0.687857406679541,0.687857406679541,TRUE,8,8,12,12,0.598081023454158,0.598081023454158,1,2.17794299125671,2.06805515289307
"hepatitis","UN-MCCD",74,19,1,20260809,"ok","ok",TRUE,TRUE,TRUE,TRUE,TRUE,FALSE,0.687857406679541,0.687857406679541,TRUE,28,28,1,1,0.685501066098081,0.685501066098081,1,0.0763709545135498,0.0226600170135498
"pima","SU-MCCD",555,8,1,20260809,"ok","ok",TRUE,TRUE,TRUE,TRUE,TRUE,FALSE,0.687857406679541,0.687857406679541,TRUE,167,167,1,1,0.726545454545455,0.726545454545455,1,4.28295993804932,4.24952602386475
"pima","SUN-MCCD",555,8,1,20260809,"ok","ok",TRUE,TRUE,TRUE,TRUE,TRUE,FALSE,0.687857406679541,0.687857406679541,TRUE,273,273,1,1,0.721454545454545,0.721454545454545,1,1.05891585350037,1.14263510704041
"pima","U-MCCD",555,8,1,20260809,"ok","ok",TRUE,TRUE,TRUE,TRUE,TRUE,FALSE,0.687857406679541,0.687857406679541,TRUE,194,194,3,3,0.639,0.639,1,4.49956583976746,4.48604702949524
"pima","UN-MCCD",555,8,1,20260809,"ok","ok",TRUE,TRUE,TRUE,TRUE,TRUE,FALSE,0.687857406679541,0.687857406679541,TRUE,125,125,2,2,0.536454545454546,0.536454545454546,1,1.36163687705994,1.39591598510742
"stamps","SU-MCCD",340,9,1,20260809,"ok","ok",TRUE,TRUE,TRUE,TRUE,TRUE,FALSE,0.687857406679541,0.687857406679541,TRUE,288,288,1,1,0.584142394822006,0.584142394822006,1,3.07282304763794,3.10636711120605
"stamps","SUN-MCCD",340,9,1,20260809,"ok","ok",TRUE,TRUE,TRUE,TRUE,TRUE,FALSE,0.687857406679541,0.687857406679541,TRUE,52,52,1,1,0.699812088944566,0.699812088944566,1,0.256745100021362,0.260301113128662
"stamps","U-MCCD",340,9,1,20260809,"ok","ok",TRUE,TRUE,TRUE,TRUE,TRUE,FALSE,0.687857406679541,0.687857406679541,TRUE,15,15,79,79,0.511222465810627,0.511222465810627,1,4.97481298446655,4.96921610832214
"stamps","UN-MCCD",340,9,1,20260809,"ok","ok",TRUE,TRUE,TRUE,TRUE,TRUE,FALSE,0.687857406679541,0.687857406679541,TRUE,73,73,2,2,0.648084351184884,0.648084351184884,1,0.414865970611572,0.425146102905273
"WDBC","SU-MCCD",367,30,1,20260809,"ok","ok",TRUE,TRUE,TRUE,TRUE,TRUE,FALSE,0.687857406679541,0.687857406679541,TRUE,341,341,1,1,0.536414565826331,0.536414565826331,1,1.91771006584167,1.91036605834961
"WDBC","SUN-MCCD",367,30,1,20260809,"ok","ok",TRUE,TRUE,TRUE,TRUE,TRUE,FALSE,0.687857406679541,0.687857406679541,TRUE,251,251,1,1,0.662464985994398,0.662464985994398,1,0.344720125198364,0.32494592666626
"WDBC","U-MCCD",367,30,1,20260809,"ok","ok",TRUE,TRUE,TRUE,TRUE,TRUE,FALSE,0.687857406679541,0.687857406679541,TRUE,107,107,2,2,0.607142857142857,0.607142857142857,1,2.13465809822083,2.14745116233826
"WDBC","UN-MCCD",367,30,1,20260809,"ok","ok",TRUE,TRUE,TRUE,TRUE,TRUE,FALSE,0.687857406679541,0.687857406679541,TRUE,302,302,1,1,0.591036414565826,0.591036414565826,1,0.557125806808472,0.557011842727661
