"dataset","method","n","d","cutoff","calibrated","TPR","TNR","BA","F2"
"WBC","RKCCD-OOS",223,9,1,2,0.2,0.769953051643192,0.484976525821596,0.10989010989011
"WBC","RKCCD-OOS",223,9,1.1875,2,0.2,0.774647887323944,0.487323943661972,0.111111111111111
"WBC","RKCCD-OOS",223,9,1.375,2,0.2,0.807511737089202,0.503755868544601,0.120481927710843
"WBC","RKCCD-OOS",223,9,1.5625,2,0.2,0.826291079812207,0.513145539906103,0.126582278481013
"WBC","RKCCD-OOS",223,9,1.75,2,0.2,0.84037558685446,0.52018779342723,0.131578947368421
"WBC","RKCCD-OOS",223,9,1.9375,2,0.2,0.849765258215962,0.524882629107981,0.135135135135135
"WBC","RKCCD-OOS",223,9,2,2,0.2,0.849765258215962,0.524882629107981,0.135135135135135
"WBC","RKCCD-OOS",223,9,2.125,2,0.2,0.863849765258216,0.531924882629108,0.140845070422535
"WBC","RKCCD-OOS",223,9,2.3125,2,0.2,0.873239436619718,0.536619718309859,0.144927536231884
"WBC","RKCCD-OOS",223,9,2.5,2,0.2,0.892018779342723,0.546009389671361,0.153846153846154
"WBC","RKCCD-OOS",223,9,2.6875,2,0.2,0.892018779342723,0.546009389671361,0.153846153846154
"WBC","RKCCD-OOS",223,9,2.875,2,0.2,0.915492957746479,0.557746478873239,0.166666666666667
"WBC","RKCCD-OOS",223,9,3.0625,2,0.1,0.92018779342723,0.510093896713615,0.0862068965517241
"WBC","RKCCD-OOS",223,9,3.25,2,0.1,0.929577464788732,0.514788732394366,0.0892857142857143
"WBC","RKCCD-OOS",223,9,3.4375,2,0.1,0.938967136150235,0.519483568075117,0.0925925925925926
"WBC","RKCCD-OOS",223,9,3.625,2,0.1,0.938967136150235,0.519483568075117,0.0925925925925926
"WBC","RKCCD-OOS",223,9,3.8125,2,0.1,0.943661971830986,0.521830985915493,0.0943396226415094
"WBC","RKCCD-OOS",223,9,4,2,0.1,0.953051643192488,0.526525821596244,0.0980392156862745
"WBC","RKCCD-IOS",223,9,1,2,1,0.699530516431925,0.849765258215962,0.43859649122807
"WBC","RKCCD-IOS",223,9,1.1875,2,1,0.704225352112676,0.852112676056338,0.442477876106195
"WBC","RKCCD-IOS",223,9,1.375,2,1,0.741784037558685,0.870892018779343,0.476190476190476
"WBC","RKCCD-IOS",223,9,1.5625,2,1,0.741784037558685,0.870892018779343,0.476190476190476
"WBC","RKCCD-IOS",223,9,1.75,2,1,0.751173708920188,0.875586854460094,0.485436893203884
"WBC","RKCCD-IOS",223,9,1.9375,2,1,0.774647887323944,0.887323943661972,0.510204081632653
"WBC","RKCCD-IOS",223,9,2,2,1,0.779342723004695,0.889671361502347,0.515463917525773
"WBC","RKCCD-IOS",223,9,2.125,2,1,0.784037558685446,0.892018779342723,0.520833333333333
"WBC","RKCCD-IOS",223,9,2.3125,2,1,0.788732394366197,0.894366197183099,0.526315789473684
"WBC","RKCCD-IOS",223,9,2.5,2,1,0.7981220657277,0.89906103286385,0.537634408602151
"WBC","RKCCD-IOS",223,9,2.6875,2,1,0.812206572769953,0.906103286384977,0.555555555555556
"WBC","RKCCD-IOS",223,9,2.875,2,1,0.826291079812207,0.913145539906103,0.574712643678161
"WBC","RKCCD-IOS",223,9,3.0625,2,1,0.835680751173709,0.917840375586854,0.588235294117647
"WBC","RKCCD-IOS",223,9,3.25,2,1,0.84037558685446,0.92018779342723,0.595238095238095
"WBC","RKCCD-IOS",223,9,3.4375,2,1,0.854460093896714,0.927230046948357,0.617283950617284
"WBC","RKCCD-IOS",223,9,3.625,2,0.9,0.859154929577465,0.879577464788732,0.569620253164557
"WBC","RKCCD-IOS",223,9,3.8125,2,0.9,0.859154929577465,0.879577464788732,0.569620253164557
"WBC","RKCCD-IOS",223,9,4,2,0.9,0.859154929577465,0.879577464788732,0.569620253164557
"WBC","UNCCD-OOS",223,9,1,2,0.5,0.7981220657277,0.64906103286385,0.284090909090909
"WBC","UNCCD-OOS",223,9,1.1875,2,0.5,0.816901408450704,0.658450704225352,0.297619047619048
"WBC","UNCCD-OOS",223,9,1.375,2,0.5,0.826291079812207,0.663145539906103,0.304878048780488
"WBC","UNCCD-OOS",223,9,1.5625,2,0.3,0.854460093896714,0.577230046948357,0.202702702702703
"WBC","UNCCD-OOS",223,9,1.75,2,0.2,0.887323943661972,0.543661971830986,0.151515151515152
"WBC","UNCCD-OOS",223,9,1.9375,2,0.2,0.892018779342723,0.546009389671361,0.153846153846154
"WBC","UNCCD-OOS",223,9,2,2,0.2,0.896713615023474,0.548356807511737,0.15625
"WBC","UNCCD-OOS",223,9,2.125,2,0.1,0.906103286384977,0.503051643192488,0.0819672131147541
"WBC","UNCCD-OOS",223,9,2.3125,2,0.1,0.915492957746479,0.507746478873239,0.0847457627118644
"WBC","UNCCD-OOS",223,9,2.5,2,0.1,0.924882629107981,0.512441314553991,0.087719298245614
"WBC","UNCCD-OOS",223,9,2.6875,2,0.1,0.934272300469484,0.517136150234742,0.0909090909090909
"WBC","UNCCD-OOS",223,9,2.875,2,0.1,0.934272300469484,0.517136150234742,0.0909090909090909
"WBC","UNCCD-OOS",223,9,3.0625,2,0.1,0.943661971830986,0.521830985915493,0.0943396226415094
"WBC","UNCCD-OOS",223,9,3.25,2,0.1,0.957746478873239,0.52887323943662,0.1
"WBC","UNCCD-OOS",223,9,3.4375,2,0.1,0.957746478873239,0.52887323943662,0.1
"WBC","UNCCD-OOS",223,9,3.625,2,0.1,0.957746478873239,0.52887323943662,0.1
"WBC","UNCCD-OOS",223,9,3.8125,2,0.1,0.962441314553991,0.531220657276995,0.102040816326531
"WBC","UNCCD-OOS",223,9,4,2,0,0.962441314553991,0.481220657276995,0
"WBC","UNCCD-IOS",223,9,1,2,1,0.699530516431925,0.849765258215962,0.43859649122807
"WBC","UNCCD-IOS",223,9,1.1875,2,1,0.708920187793427,0.854460093896714,0.446428571428571
"WBC","UNCCD-IOS",223,9,1.375,2,1,0.732394366197183,0.866197183098592,0.467289719626168
"WBC","UNCCD-IOS",223,9,1.5625,2,1,0.751173708920188,0.875586854460094,0.485436893203884
"WBC","UNCCD-IOS",223,9,1.75,2,1,0.779342723004695,0.889671361502347,0.515463917525773
"WBC","UNCCD-IOS",223,9,1.9375,2,1,0.807511737089202,0.903755868544601,0.549450549450549
"WBC","UNCCD-IOS",223,9,2,2,1,0.807511737089202,0.903755868544601,0.549450549450549
"WBC","UNCCD-IOS",223,9,2.125,2,0.9,0.821596244131455,0.860798122065728,0.517241379310345
"WBC","UNCCD-IOS",223,9,2.3125,2,0.9,0.830985915492958,0.865492957746479,0.529411764705882
"WBC","UNCCD-IOS",223,9,2.5,2,0.9,0.84037558685446,0.87018779342723,0.542168674698795
"WBC","UNCCD-IOS",223,9,2.6875,2,0.9,0.845070422535211,0.872535211267606,0.548780487804878
"WBC","UNCCD-IOS",223,9,2.875,2,0.8,0.849765258215962,0.824882629107981,0.5
"WBC","UNCCD-IOS",223,9,3.0625,2,0.8,0.859154929577465,0.829577464788732,0.512820512820513
"WBC","UNCCD-IOS",223,9,3.25,2,0.8,0.859154929577465,0.829577464788732,0.512820512820513
"WBC","UNCCD-IOS",223,9,3.4375,2,0.8,0.863849765258216,0.831924882629108,0.51948051948052
"WBC","UNCCD-IOS",223,9,3.625,2,0.8,0.868544600938967,0.834272300469484,0.526315789473684
"WBC","UNCCD-IOS",223,9,3.8125,2,0.8,0.892018779342723,0.846009389671362,0.563380281690141
"WBC","UNCCD-IOS",223,9,4,2,0.8,0.896713615023474,0.848356807511737,0.571428571428571
"Thyroid","RKCCD-OOS",3656,6,1,2,0.354838709677419,0.788661240527645,0.571749975102532,0.142487046632124
"Thyroid","RKCCD-OOS",3656,6,1.1875,2,0.311827956989247,0.815604827392647,0.563716392190947,0.137051039697543
"Thyroid","RKCCD-OOS",3656,6,1.375,2,0.279569892473118,0.835531855178221,0.557550873825669,0.132113821138211
"Thyroid","RKCCD-OOS",3656,6,1.5625,2,0.268817204301075,0.853213584058378,0.561015394179726,0.135869565217391
"Thyroid","RKCCD-OOS",3656,6,1.75,2,0.247311827956989,0.868930676396295,0.558121252176642,0.133410672853828
"Thyroid","RKCCD-OOS",3656,6,1.9375,2,0.21505376344086,0.884647768734213,0.549850766087536,0.12453300124533
"Thyroid","RKCCD-OOS",3656,6,2,2,0.204301075268817,0.888857704181869,0.546579389725343,0.120711562897078
"Thyroid","RKCCD-OOS",3656,6,2.125,2,0.193548387096774,0.897277575077182,0.545412981086978,0.119047619047619
"Thyroid","RKCCD-OOS",3656,6,2.3125,2,0.139784946236559,0.906820095425203,0.523302520830881,0.0906555090655509
"Thyroid","RKCCD-OOS",3656,6,2.5,2,0.129032258064516,0.914959303957339,0.521995781010928,0.0873362445414847
"Thyroid","RKCCD-OOS",3656,6,2.6875,2,0.129032258064516,0.92169520067359,0.525363729369053,0.0904977375565611
"Thyroid","RKCCD-OOS",3656,6,2.875,2,0.118279569892473,0.927869772663486,0.523074671277979,0.0859375
"Thyroid","RKCCD-OOS",3656,6,3.0625,2,0.0860215053763441,0.934325007016559,0.510173256196452,0.0651465798045603
"Thyroid","RKCCD-OOS",3656,6,3.25,2,0.0860215053763441,0.939657591916924,0.512839548646634,0.0672268907563026
"Thyroid","RKCCD-OOS",3656,6,3.4375,2,0.0860215053763441,0.942183553185518,0.514102529280931,0.068259385665529
"Thyroid","RKCCD-OOS",3656,6,3.625,2,0.0860215053763441,0.946112826269997,0.516067165823171,0.0699300699300699
"Thyroid","RKCCD-OOS",3656,6,3.8125,2,0.0860215053763441,0.94779680044906,0.516909152912702,0.0706713780918728
"Thyroid","RKCCD-OOS",3656,6,4,2,0.0860215053763441,0.950322761717654,0.518172133546999,0.0718132854578097
"Thyroid","RKCCD-IOS",3656,6,1,2,0.989247311827957,0.735054729160819,0.862151020494388,0.326704545454545
"Thyroid","RKCCD-IOS",3656,6,1.1875,2,0.967741935483871,0.76115632893629,0.86444913221008,0.342726580350343
"Thyroid","RKCCD-IOS",3656,6,1.375,2,0.956989247311828,0.779960707269155,0.868474977290492,0.357429718875502
"Thyroid","RKCCD-IOS",3656,6,1.5625,2,0.946236559139785,0.799045747965198,0.872641153552491,0.374149659863946
"Thyroid","RKCCD-IOS",3656,6,1.75,2,0.924731182795699,0.816166152119001,0.87044866745735,0.386343216531896
"Thyroid","RKCCD-IOS",3656,6,1.9375,2,0.903225806451613,0.82879595846197,0.866010882456792,0.393996247654784
"Thyroid","RKCCD-IOS",3656,6,2,2,0.903225806451613,0.833847880999158,0.868536843725385,0.400763358778626
"Thyroid","RKCCD-IOS",3656,6,2.125,2,0.903225806451613,0.84142576480494,0.872325785628276,0.411361410381978
"Thyroid","RKCCD-IOS",3656,6,2.3125,2,0.870967741935484,0.85489755823744,0.862932650086462,0.417525773195876
"Thyroid","RKCCD-IOS",3656,6,2.5,2,0.849462365591398,0.862475442043222,0.85596890381731,0.419766206163656
"Thyroid","RKCCD-IOS",3656,6,2.6875,2,0.849462365591398,0.870614650575358,0.860038508083378,0.433114035087719
"Thyroid","RKCCD-IOS",3656,6,2.875,2,0.817204301075269,0.877350547291608,0.847277424183439,0.429378531073446
"Thyroid","RKCCD-IOS",3656,6,3.0625,2,0.817204301075269,0.885209093460567,0.851206697267918,0.44340723453909
"Thyroid","RKCCD-IOS",3656,6,3.25,2,0.806451612903226,0.892786977266349,0.849619295084787,0.452352231604343
"Thyroid","RKCCD-IOS",3656,6,3.4375,2,0.78494623655914,0.896996912714005,0.840971574636572,0.449507389162561
"Thyroid","RKCCD-IOS",3656,6,3.625,2,0.774193548387097,0.902890822340724,0.83854218536391,0.455696202531646
"Thyroid","RKCCD-IOS",3656,6,3.8125,2,0.731182795698925,0.907942744877912,0.819562770288418,0.442708333333333
"Thyroid","RKCCD-IOS",3656,6,4,2,0.688172043010753,0.913275329778277,0.800723686394515,0.429530201342282
"Thyroid","UNCCD-OOS",3656,6,1,2,0.333333333333333,0.802133033960146,0.56773318364674,0.139891696750903
"Thyroid","UNCCD-OOS",3656,6,1.1875,2,0.301075268817204,0.83076059500421,0.565917931910707,0.139581256231306
"Thyroid","UNCCD-OOS",3656,6,1.375,2,0.268817204301075,0.854616895874263,0.561717050087669,0.136612021857924
"Thyroid","UNCCD-OOS",3656,6,1.5625,2,0.258064516129032,0.872859949480775,0.565462232804903,0.141342756183746
"Thyroid","UNCCD-OOS",3656,6,1.75,2,0.247311827956989,0.892506314903171,0.56990907143008,0.147814910025707
"Thyroid","UNCCD-OOS",3656,6,1.9375,2,0.247311827956989,0.903732809430255,0.575522318693622,0.155826558265583
"Thyroid","UNCCD-OOS",3656,6,2,2,0.247311827956989,0.908504069604266,0.577907948780628,0.159500693481276
"Thyroid","UNCCD-OOS",3656,6,2.125,2,0.247311827956989,0.914678641594162,0.580995234775576,0.164520743919886
"Thyroid","UNCCD-OOS",3656,6,2.3125,2,0.225806451612903,0.927027785573954,0.576417118593429,0.160796324655436
"Thyroid","UNCCD-OOS",3656,6,2.5,2,0.225806451612903,0.933483019927028,0.579644735769965,0.166666666666667
"Thyroid","UNCCD-OOS",3656,6,2.6875,2,0.182795698924731,0.937973617737861,0.560384658331296,0.139344262295082
"Thyroid","UNCCD-OOS",3656,6,2.875,2,0.172043010752688,0.945270839180466,0.558656924966577,0.137221269296741
"Thyroid","UNCCD-OOS",3656,6,3.0625,2,0.172043010752688,0.949761436991299,0.560902223871994,0.141093474426808
"Thyroid","UNCCD-OOS",3656,6,3.25,2,0.161290322580645,0.953690710075779,0.557490516328212,0.135869565217391
"Thyroid","UNCCD-OOS",3656,6,3.4375,2,0.150537634408602,0.957900645523435,0.554219139966019,0.130597014925373
"Thyroid","UNCCD-OOS",3656,6,3.625,2,0.129032258064516,0.96126859388156,0.545150425973038,0.114942528735632
"Thyroid","UNCCD-OOS",3656,6,3.8125,2,0.129032258064516,0.9632332304238,0.546132744244158,0.116504854368932
"Thyroid","UNCCD-OOS",3656,6,4,2,0.118279569892473,0.964355879876509,0.541317724884491,0.107843137254902
"Thyroid","UNCCD-IOS",3656,6,1,2,1,0.731406118439517,0.865703059219759,0.327004219409283
"Thyroid","UNCCD-IOS",3656,6,1.1875,2,1,0.754420432220039,0.87721021611002,0.347014925373134
"Thyroid","UNCCD-IOS",3656,6,1.375,2,1,0.779399382542801,0.889699691271401,0.371702637889688
"Thyroid","UNCCD-IOS",3656,6,1.5625,2,0.989247311827957,0.797361773786135,0.893304542807046,0.387858347386172
"Thyroid","UNCCD-IOS",3656,6,1.75,2,0.989247311827957,0.81139489194499,0.900321101886474,0.404929577464789
"Thyroid","UNCCD-IOS",3656,6,1.9375,2,0.989247311827957,0.822340724108897,0.905794017968427,0.419325432999088
"Thyroid","UNCCD-IOS",3656,6,2,2,0.989247311827957,0.826550659556553,0.907898985692255,0.425138632162662
"Thyroid","UNCCD-IOS",3656,6,2.125,2,0.989247311827957,0.832444569183272,0.910845940505615,0.433553251649387
"Thyroid","UNCCD-IOS",3656,6,2.3125,2,0.989247311827957,0.843390401347179,0.916318856587568,0.450097847358121
"Thyroid","UNCCD-IOS",3656,6,2.5,2,0.978494623655914,0.853774908784732,0.916134766220323,0.46239837398374
"Thyroid","UNCCD-IOS",3656,6,2.6875,2,0.967741935483871,0.86359809149593,0.915670013489901,0.474683544303797
"Thyroid","UNCCD-IOS",3656,6,2.875,2,0.956989247311828,0.873140611843952,0.91506492957789,0.487404162102957
"Thyroid","UNCCD-IOS",3656,6,3.0625,2,0.956989247311828,0.882121807465619,0.919555527388723,0.505107832009081
"Thyroid","UNCCD-IOS",3656,6,3.25,2,0.924731182795699,0.888015717092338,0.906373449944018,0.501750291715286
"Thyroid","UNCCD-IOS",3656,6,3.4375,2,0.903225806451613,0.894470951445411,0.898848378948512,0.504807692307692
"Thyroid","UNCCD-IOS",3656,6,3.625,2,0.89247311827957,0.90036486107213,0.89641898967585,0.512345679012346
"Thyroid","UNCCD-IOS",3656,6,3.8125,2,0.870967741935484,0.904855458882964,0.887911600409224,0.511363636363636
"Thyroid","UNCCD-IOS",3656,6,4,2,0.860215053763441,0.907942744877912,0.884078899320676,0.512820512820513
