"grid","cell_value","n","d","method","rep","seed","t_construct","t_total","seconds","status","timestamp"
"n","250","250","20","LOF","1","1001","NA","0.0456","0.0459","OK","2026-07-11 13:46:24"
"n","250","250","20","LOF","2","2001","NA","0.0508","0.0573","OK","2026-07-11 13:46:24"
"n","250","250","20","LOF","3","3001","NA","0.0417","0.0418","OK","2026-07-11 13:46:25"
"n","250","250","20","LOF","4","4001","NA","0.0461","0.0462","OK","2026-07-11 13:46:25"
"n","250","250","20","LOF","5","5001","NA","0.0433","0.0434","OK","2026-07-11 13:46:25"
"n","250","250","20","LOF","6","6001","NA","0.0413","0.0414","OK","2026-07-11 13:46:25"
"n","250","250","20","LOF","7","7001","NA","0.0337","0.0338","OK","2026-07-11 13:46:25"
"n","250","250","20","LOF","8","8001","NA","0.0379","0.038","OK","2026-07-11 13:46:25"
"n","250","250","20","LOF","9","9001","NA","0.0467","0.0469","OK","2026-07-11 13:46:25"
"n","250","250","20","LOF","10","10001","NA","0.0438","0.0439","OK","2026-07-11 13:46:25"
"n","250","250","20","DBSCAN","1","1001","NA","0.0084","0.0085","OK","2026-07-11 13:46:25"
"n","250","250","20","DBSCAN","2","2001","NA","0.0088","0.0113","OK","2026-07-11 13:46:25"
"n","250","250","20","DBSCAN","3","3001","NA","0.0066","0.0067","OK","2026-07-11 13:46:25"
"n","250","250","20","DBSCAN","4","4001","NA","0.0065","0.0066","OK","2026-07-11 13:46:25"
"n","250","250","20","DBSCAN","5","5001","NA","0.0068","0.0069","OK","2026-07-11 13:46:25"
"n","250","250","20","DBSCAN","6","6001","NA","0.0065","0.0065","OK","2026-07-11 13:46:25"
"n","250","250","20","DBSCAN","7","7001","NA","0.0064","0.0065","OK","2026-07-11 13:46:25"
"n","250","250","20","DBSCAN","8","8001","NA","0.0163","0.0164","OK","2026-07-11 13:46:25"
"n","250","250","20","DBSCAN","9","9001","NA","0.0066","0.0067","OK","2026-07-11 13:46:25"
"n","250","250","20","DBSCAN","10","10001","NA","0.0093","0.0094","OK","2026-07-11 13:46:25"
"n","250","250","20","MST","1","1001","NA","0.1729","0.173","OK","2026-07-11 13:46:26"
"n","250","250","20","MST","2","2001","NA","0.1206","0.123","OK","2026-07-11 13:46:26"
"n","250","250","20","MST","3","3001","NA","0.1121","0.1122","OK","2026-07-11 13:46:26"
"n","250","250","20","MST","4","4001","NA","0.1067","0.1068","OK","2026-07-11 13:46:26"
"n","250","250","20","MST","5","5001","NA","0.1063","0.1063","OK","2026-07-11 13:46:26"
"n","250","250","20","MST","6","6001","NA","0.0897","0.0897","OK","2026-07-11 13:46:26"
"n","250","250","20","MST","7","7001","NA","0.1206","0.1207","OK","2026-07-11 13:46:26"
"n","250","250","20","MST","8","8001","NA","0.1191","0.1192","OK","2026-07-11 13:46:27"
"n","250","250","20","MST","9","9001","NA","0.1221","0.1222","OK","2026-07-11 13:46:27"
"n","250","250","20","MST","10","10001","NA","0.1239","0.124","OK","2026-07-11 13:46:27"
"n","250","250","20","ODIN","1","1001","NA","0.0058","0.0059","OK","2026-07-11 13:46:27"
"n","250","250","20","ODIN","2","2001","NA","0.002","0.0038","OK","2026-07-11 13:46:27"
"n","250","250","20","ODIN","3","3001","NA","0.0032","0.0033","OK","2026-07-11 13:46:27"
"n","250","250","20","ODIN","4","4001","NA","0.0032","0.0033","OK","2026-07-11 13:46:27"
"n","250","250","20","ODIN","5","5001","NA","0.0031","0.0033","OK","2026-07-11 13:46:27"
"n","250","250","20","ODIN","6","6001","NA","0.002","0.0021","OK","2026-07-11 13:46:27"
"n","250","250","20","ODIN","7","7001","NA","0.003","0.0032","OK","2026-07-11 13:46:27"
"n","250","250","20","ODIN","8","8001","NA","0.0031","0.0032","OK","2026-07-11 13:46:27"
"n","250","250","20","ODIN","9","9001","NA","0.003","0.0031","OK","2026-07-11 13:46:27"
"n","250","250","20","ODIN","10","10001","NA","0.0032","0.0033","OK","2026-07-11 13:46:27"
"n","250","250","20","iForest","1","1001","NA","0.0378","0.0379","OK","2026-07-11 13:46:27"
"n","250","250","20","iForest","2","2001","NA","0.0341","0.037","OK","2026-07-11 13:46:27"
"n","250","250","20","iForest","3","3001","NA","0.0327","0.0328","OK","2026-07-11 13:46:27"
"n","250","250","20","iForest","4","4001","NA","0.0327","0.0328","OK","2026-07-11 13:46:27"
"n","250","250","20","iForest","5","5001","NA","0.0297","0.0298","OK","2026-07-11 13:46:28"
"n","250","250","20","iForest","6","6001","NA","0.0322","0.0323","OK","2026-07-11 13:46:28"
"n","250","250","20","iForest","7","7001","NA","0.0317","0.0319","OK","2026-07-11 13:46:28"
"n","250","250","20","iForest","8","8001","NA","0.0323","0.0325","OK","2026-07-11 13:46:28"
"n","250","250","20","iForest","9","9001","NA","0.0315","0.0317","OK","2026-07-11 13:46:28"
"n","250","250","20","iForest","10","10001","NA","0.032","0.0321","OK","2026-07-11 13:46:28"
"n","250","250","20","RKCCD-OOS","1","1001","0.4112","0.2852","10.4662","OK","2026-07-11 13:46:38"
"n","250","250","20","RKCCD-OOS","2","2001","0.2861","0.3378","2.627","OK","2026-07-11 13:46:41"
"n","250","250","20","RKCCD-OOS","3","3001","0.2872","0.2463","2.5252","OK","2026-07-11 13:46:44"
"n","250","250","20","RKCCD-OOS","4","4001","0.2969","0.275","2.5781","OK","2026-07-11 13:46:46"
"n","250","250","20","RKCCD-OOS","5","5001","0.3108","0.3026","2.6114","OK","2026-07-11 13:46:49"
"n","250","250","20","RKCCD-OOS","6","6001","0.3373","0.326","2.6465","OK","2026-07-11 13:46:52"
"n","250","250","20","RKCCD-OOS","7","7001","0.3425","0.2908","2.6322","OK","2026-07-11 13:46:54"
"n","250","250","20","RKCCD-OOS","8","8001","0.3","0.2998","2.6021","OK","2026-07-11 13:46:57"
"n","250","250","20","RKCCD-OOS","9","9001","0.3314","0.3213","2.6448","OK","2026-07-11 13:47:00"
"n","250","250","20","RKCCD-OOS","10","10001","0.3035","0.326","2.6261","OK","2026-07-11 13:47:02"
"n","250","250","20","RKCCD-IOS","1","1001","0.3244","0.3453","2.6658","OK","2026-07-11 13:47:05"
"n","250","250","20","RKCCD-IOS","2","2001","0.3327","0.3156","2.6359","OK","2026-07-11 13:47:08"
"n","250","250","20","RKCCD-IOS","3","3001","0.33","0.3173","2.6356","OK","2026-07-11 13:47:11"
"n","250","250","20","RKCCD-IOS","4","4001","0.3399","0.3432","2.6738","OK","2026-07-11 13:47:13"
"n","250","250","20","RKCCD-IOS","5","5001","0.3363","0.3111","2.6435","OK","2026-07-11 13:47:16"
"n","250","250","20","RKCCD-IOS","6","6001","0.3327","0.3161","2.634","OK","2026-07-11 13:47:19"
"n","250","250","20","RKCCD-IOS","7","7001","0.3234","0.306","2.613","OK","2026-07-11 13:47:21"
"n","250","250","20","RKCCD-IOS","8","8001","0.3302","0.3256","2.6396","OK","2026-07-11 13:47:24"
"n","250","250","20","RKCCD-IOS","9","9001","0.3482","0.3251","2.6616","OK","2026-07-11 13:47:27"
"n","250","250","20","RKCCD-IOS","10","10001","0.3133","0.3004","2.6066","OK","2026-07-11 13:47:30"
"n","250","250","20","UNCCD-OOS","1","1001","18.8325","19.3495","38.1959","OK","2026-07-11 13:48:08"
"n","250","250","20","UNCCD-OOS","2","2001","19.9455","20.3838","40.3309","OK","2026-07-11 13:48:48"
"n","250","250","20","UNCCD-OOS","3","3001","21.373","20.27","41.644","OK","2026-07-11 13:49:30"
"n","250","250","20","UNCCD-OOS","4","4001","21.1184","20.8569","41.9764","OK","2026-07-11 13:50:12"
"n","250","250","20","UNCCD-OOS","5","5001","20.5732","20.9014","41.4756","OK","2026-07-11 13:50:53"
"n","250","250","20","UNCCD-OOS","6","6001","21.4345","21.1227","42.5582","OK","2026-07-11 13:51:36"
"n","250","250","20","UNCCD-OOS","7","7001","21.1041","21.0497","42.1549","OK","2026-07-11 13:52:18"
"n","250","250","20","UNCCD-OOS","8","8001","20.2551","20.7306","40.9867","OK","2026-07-11 13:52:59"
"n","250","250","20","UNCCD-OOS","9","9001","20.5596","20.4637","41.0242","OK","2026-07-11 13:53:40"
"n","250","250","20","UNCCD-OOS","10","10001","20.893","21.1235","42.0176","OK","2026-07-11 13:54:22"
"n","250","250","20","UNCCD-IOS","1","1001","21.6708","21.5864","43.2607","OK","2026-07-11 13:55:06"
"n","250","250","20","UNCCD-IOS","2","2001","27.8516","33.0607","60.9133","OK","2026-07-11 13:56:07"
"n","250","250","20","UNCCD-IOS","3","3001","21.2401","20.7953","42.0363","OK","2026-07-11 13:56:49"
"n","250","250","20","UNCCD-IOS","4","4001","20.9218","21.3307","42.2535","OK","2026-07-11 13:57:31"
"n","250","250","20","UNCCD-IOS","5","5001","21.3388","21.0332","42.373","OK","2026-07-11 13:58:13"
"n","250","250","20","UNCCD-IOS","6","6001","22.9461","22.779","45.7261","OK","2026-07-11 13:58:59"
"n","250","250","20","UNCCD-IOS","7","7001","22.9043","21.6355","44.5409","OK","2026-07-11 13:59:44"
"n","250","250","20","UNCCD-IOS","8","8001","22.4706","21.7772","44.249","OK","2026-07-11 14:00:28"
"n","250","250","20","UNCCD-IOS","9","9001","21.0168","21.3254","42.3433","OK","2026-07-11 14:01:11"
"n","250","250","20","UNCCD-IOS","10","10001","21.698","22.1507","43.8498","OK","2026-07-11 14:01:54"
"n","500","500","20","LOF","1","1002","NA","0.1604","0.1605","OK","2026-07-11 14:01:55"
"n","500","500","20","LOF","2","2002","NA","0.1664","0.1665","OK","2026-07-11 14:01:55"
"n","500","500","20","LOF","3","3002","NA","0.1464","0.1465","OK","2026-07-11 14:01:55"
"n","500","500","20","LOF","4","4002","NA","0.1214","0.1215","OK","2026-07-11 14:01:55"
"n","500","500","20","LOF","5","5002","NA","0.1751","0.1752","OK","2026-07-11 14:01:55"
"n","500","500","20","LOF","6","6002","NA","0.1615","0.1616","OK","2026-07-11 14:01:56"
"n","500","500","20","LOF","7","7002","NA","0.1599","0.16","OK","2026-07-11 14:01:56"
"n","500","500","20","LOF","8","8002","NA","0.1372","0.1373","OK","2026-07-11 14:01:56"
"n","500","500","20","LOF","9","9002","NA","0.1457","0.1458","OK","2026-07-11 14:01:56"
"n","500","500","20","LOF","10","10002","NA","0.153","0.1531","OK","2026-07-11 14:01:56"
"n","500","500","20","DBSCAN","1","1002","NA","0.0275","0.0277","OK","2026-07-11 14:01:56"
"n","500","500","20","DBSCAN","2","2002","NA","0.0263","0.0264","OK","2026-07-11 14:01:56"
"n","500","500","20","DBSCAN","3","3002","NA","0.026","0.0261","OK","2026-07-11 14:01:56"
"n","500","500","20","DBSCAN","4","4002","NA","0.0261","0.0263","OK","2026-07-11 14:01:57"
"n","500","500","20","DBSCAN","5","5002","NA","0.0262","0.0263","OK","2026-07-11 14:01:57"
"n","500","500","20","DBSCAN","6","6002","NA","0.026","0.0261","OK","2026-07-11 14:01:57"
"n","500","500","20","DBSCAN","7","7002","NA","0.0262","0.0263","OK","2026-07-11 14:01:57"
"n","500","500","20","DBSCAN","8","8002","NA","0.0197","0.0198","OK","2026-07-11 14:01:57"
"n","500","500","20","DBSCAN","9","9002","NA","0.019","0.0191","OK","2026-07-11 14:01:57"
"n","500","500","20","DBSCAN","10","10002","NA","0.0187","0.0187","OK","2026-07-11 14:01:57"
"n","500","500","20","MST","1","1002","NA","0.41","0.4101","OK","2026-07-11 14:01:57"
"n","500","500","20","MST","2","2002","NA","0.4193","0.4194","OK","2026-07-11 14:01:58"
"n","500","500","20","MST","3","3002","NA","0.4051","0.4051","OK","2026-07-11 14:01:58"
"n","500","500","20","MST","4","4002","NA","0.4307","0.4308","OK","2026-07-11 14:01:59"
"n","500","500","20","MST","5","5002","NA","0.3701","0.3702","OK","2026-07-11 14:01:59"
"n","500","500","20","MST","6","6002","NA","0.3852","0.3854","OK","2026-07-11 14:01:59"
"n","500","500","20","MST","7","7002","NA","0.4154","0.4155","OK","2026-07-11 14:02:00"
"n","500","500","20","MST","8","8002","NA","0.4144","0.4145","OK","2026-07-11 14:02:00"
"n","500","500","20","MST","9","9002","NA","0.3603","0.3604","OK","2026-07-11 14:02:01"
"n","500","500","20","MST","10","10002","NA","0.4252","0.4253","OK","2026-07-11 14:02:01"
"n","500","500","20","ODIN","1","1002","NA","0.0134","0.0135","OK","2026-07-11 14:02:01"
"n","500","500","20","ODIN","2","2002","NA","0.0148","0.0149","OK","2026-07-11 14:02:01"
"n","500","500","20","ODIN","3","3002","NA","0.0083","0.0084","OK","2026-07-11 14:02:01"
"n","500","500","20","ODIN","4","4002","NA","0.0084","0.0085","OK","2026-07-11 14:02:01"
"n","500","500","20","ODIN","5","5002","NA","0.0086","0.0087","OK","2026-07-11 14:02:01"
"n","500","500","20","ODIN","6","6002","NA","0.0083","0.0084","OK","2026-07-11 14:02:01"
"n","500","500","20","ODIN","7","7002","NA","0.0087","0.0087","OK","2026-07-11 14:02:02"
"n","500","500","20","ODIN","8","8002","NA","0.0086","0.0086","OK","2026-07-11 14:02:02"
"n","500","500","20","ODIN","9","9002","NA","0.0213","0.0214","OK","2026-07-11 14:02:02"
"n","500","500","20","ODIN","10","10002","NA","0.0087","0.0088","OK","2026-07-11 14:02:02"
"n","500","500","20","iForest","1","1002","NA","0.0405","0.0406","OK","2026-07-11 14:02:02"
"n","500","500","20","iForest","2","2002","NA","0.0397","0.0398","OK","2026-07-11 14:02:02"
"n","500","500","20","iForest","3","3002","NA","0.0624","0.0625","OK","2026-07-11 14:02:02"
"n","500","500","20","iForest","4","4002","NA","0.0529","0.0531","OK","2026-07-11 14:02:02"
"n","500","500","20","iForest","5","5002","NA","0.0543","0.0544","OK","2026-07-11 14:02:02"
"n","500","500","20","iForest","6","6002","NA","0.0522","0.0523","OK","2026-07-11 14:02:02"
"n","500","500","20","iForest","7","7002","NA","0.0541","0.0542","OK","2026-07-11 14:02:02"
"n","500","500","20","iForest","8","8002","NA","0.052","0.0521","OK","2026-07-11 14:02:02"
"n","500","500","20","iForest","9","9002","NA","0.0521","0.0522","OK","2026-07-11 14:02:02"
"n","500","500","20","iForest","10","10002","NA","0.0526","0.0527","OK","2026-07-11 14:02:02"
"n","500","500","20","RKCCD-OOS","1","1002","1.2176","1.356","4.5894","OK","2026-07-11 14:02:07"
"n","500","500","20","RKCCD-OOS","2","2002","1.4047","1.4504","4.8741","OK","2026-07-11 14:02:12"
"n","500","500","20","RKCCD-OOS","3","3002","1.3481","1.3598","4.744","OK","2026-07-11 14:02:17"
"n","500","500","20","RKCCD-OOS","4","4002","1.2622","1.4163","4.7074","OK","2026-07-11 14:02:22"
"n","500","500","20","RKCCD-OOS","5","5002","1.2995","1.4696","4.8157","OK","2026-07-11 14:02:26"
"n","500","500","20","RKCCD-OOS","6","6002","1.3442","1.3992","4.7586","OK","2026-07-11 14:02:31"
"n","500","500","20","RKCCD-OOS","7","7002","1.3859","1.3037","4.6983","OK","2026-07-11 14:02:36"
"n","500","500","20","RKCCD-OOS","8","8002","1.4091","1.4319","4.8678","OK","2026-07-11 14:02:41"
"n","500","500","20","RKCCD-OOS","9","9002","1.3679","1.461","4.8552","OK","2026-07-11 14:02:46"
"n","500","500","20","RKCCD-OOS","10","10002","1.3982","1.4415","4.8645","OK","2026-07-11 14:02:51"
"n","500","500","20","RKCCD-IOS","1","1002","1.3708","1.3359","4.7266","OK","2026-07-11 14:02:56"
"n","500","500","20","RKCCD-IOS","2","2002","1.4602","1.4366","4.9099","OK","2026-07-11 14:03:01"
"n","500","500","20","RKCCD-IOS","3","3002","1.372","1.3869","4.7893","OK","2026-07-11 14:03:06"
"n","500","500","20","RKCCD-IOS","4","4002","1.371","1.4051","4.8083","OK","2026-07-11 14:03:10"
"n","500","500","20","RKCCD-IOS","5","5002","1.2861","1.3973","4.7105","OK","2026-07-11 14:03:15"
"n","500","500","20","RKCCD-IOS","6","6002","1.3132","1.351","4.6929","OK","2026-07-11 14:03:20"
"n","500","500","20","RKCCD-IOS","7","7002","1.4216","1.4289","4.8722","OK","2026-07-11 14:03:25"
"n","500","500","20","RKCCD-IOS","8","8002","1.4191","1.4352","4.8847","OK","2026-07-11 14:03:30"
"n","500","500","20","RKCCD-IOS","9","9002","1.4392","1.4455","4.8868","OK","2026-07-11 14:03:35"
"n","500","500","20","RKCCD-IOS","10","10002","1.3682","1.4309","4.8245","OK","2026-07-11 14:03:40"
"n","1000","1000","20","LOF","1","1003","NA","0.6728","0.673","OK","2026-07-11 21:16:43"
"n","1000","1000","20","LOF","2","2003","NA","0.6127","0.6166","OK","2026-07-11 21:16:44"
"n","1000","1000","20","LOF","3","3003","NA","0.6493","0.6495","OK","2026-07-11 21:16:44"
"n","1000","1000","20","LOF","4","4003","NA","0.5877","0.5879","OK","2026-07-11 21:16:45"
"n","1000","1000","20","LOF","5","5003","NA","0.5617","0.562","OK","2026-07-11 21:16:46"
"n","1000","1000","20","LOF","6","6003","NA","0.7099","0.7101","OK","2026-07-11 21:16:47"
"n","1000","1000","20","LOF","7","7003","NA","0.6452","0.6454","OK","2026-07-11 21:16:47"
"n","1000","1000","20","LOF","8","8003","NA","0.8653","0.8656","OK","2026-07-11 21:16:48"
"n","1000","1000","20","LOF","9","9003","NA","0.6133","0.6136","OK","2026-07-11 21:16:49"
"n","1000","1000","20","LOF","10","10003","NA","0.8139","0.8141","OK","2026-07-11 21:16:50"
"n","1000","1000","20","DBSCAN","1","1003","NA","0.1184","0.1186","OK","2026-07-11 21:16:50"
"n","1000","1000","20","DBSCAN","2","2003","NA","0.1089","0.1158","OK","2026-07-11 21:16:51"
"n","1000","1000","20","DBSCAN","3","3003","NA","0.0989","0.0991","OK","2026-07-11 21:16:51"
"n","1000","1000","20","DBSCAN","4","4003","NA","0.0842","0.0844","OK","2026-07-11 21:16:51"
"n","1000","1000","20","DBSCAN","5","5003","NA","0.126","0.1263","OK","2026-07-11 21:16:51"
"n","1000","1000","20","DBSCAN","6","6003","NA","0.0823","0.0826","OK","2026-07-11 21:16:51"
"n","1000","1000","20","DBSCAN","7","7003","NA","0.0877","0.0879","OK","2026-07-11 21:16:52"
"n","1000","1000","20","DBSCAN","8","8003","NA","0.1121","0.1124","OK","2026-07-11 21:16:52"
"n","1000","1000","20","DBSCAN","9","9003","NA","0.1096","0.1099","OK","2026-07-11 21:16:52"
"n","1000","1000","20","DBSCAN","10","10003","NA","0.1157","0.1159","OK","2026-07-11 21:16:52"
"n","1000","1000","20","MST","1","1003","NA","3.3507","3.3509","OK","2026-07-11 21:16:56"
"n","1000","1000","20","MST","2","2003","NA","3.3615","3.3658","OK","2026-07-11 21:16:59"
"n","1000","1000","20","MST","3","3003","NA","4.5629","4.5632","OK","2026-07-11 21:17:04"
"n","1000","1000","20","MST","4","4003","NA","4.8962","4.8964","OK","2026-07-11 21:17:09"
"n","1000","1000","20","MST","5","5003","NA","4.2305","4.2307","OK","2026-07-11 21:17:13"
"n","1000","1000","20","MST","6","6003","NA","4.477","4.4772","OK","2026-07-11 21:17:18"
"n","1000","1000","20","MST","7","7003","NA","4.3163","4.3165","OK","2026-07-11 21:17:23"
"n","1000","1000","20","MST","8","8003","NA","4.1734","4.1737","OK","2026-07-11 21:17:27"
"n","1000","1000","20","MST","9","9003","NA","4.3911","4.3914","OK","2026-07-11 21:17:32"
"n","1000","1000","20","MST","10","10003","NA","4.2223","4.2226","OK","2026-07-11 21:17:36"
"n","1000","1000","20","ODIN","1","1003","NA","0.1105","0.1108","OK","2026-07-11 21:17:36"
"n","1000","1000","20","ODIN","2","2003","NA","0.0858","0.0912","OK","2026-07-11 21:17:36"
"n","1000","1000","20","ODIN","3","3003","NA","0.0764","0.0766","OK","2026-07-11 21:17:37"
"n","1000","1000","20","ODIN","4","4003","NA","0.0845","0.0847","OK","2026-07-11 21:17:37"
"n","1000","1000","20","ODIN","5","5003","NA","0.0886","0.0888","OK","2026-07-11 21:17:37"
"n","1000","1000","20","ODIN","6","6003","NA","0.0983","0.0986","OK","2026-07-11 21:17:37"
"n","1000","1000","20","ODIN","7","7003","NA","0.0907","0.091","OK","2026-07-11 21:17:37"
"n","1000","1000","20","ODIN","8","8003","NA","0.1013","0.1015","OK","2026-07-11 21:17:38"
"n","1000","1000","20","ODIN","9","9003","NA","0.0834","0.0837","OK","2026-07-11 21:17:38"
"n","1000","1000","20","ODIN","10","10003","NA","0.1017","0.102","OK","2026-07-11 21:17:38"
"n","1000","1000","20","iForest","1","1003","NA","0.1469","0.1471","OK","2026-07-11 21:17:38"
"n","1000","1000","20","iForest","2","2003","NA","0.1771","0.1826","OK","2026-07-11 21:17:39"
"n","1000","1000","20","iForest","3","3003","NA","0.1318","0.132","OK","2026-07-11 21:17:39"
"n","1000","1000","20","iForest","4","4003","NA","0.1421","0.1423","OK","2026-07-11 21:17:39"
"n","1000","1000","20","iForest","5","5003","NA","0.1396","0.1398","OK","2026-07-11 21:17:39"
"n","1000","1000","20","iForest","6","6003","NA","0.1267","0.1269","OK","2026-07-11 21:17:40"
"n","1000","1000","20","iForest","7","7003","NA","0.1653","0.1655","OK","2026-07-11 21:17:40"
"n","1000","1000","20","iForest","8","8003","NA","0.1409","0.1411","OK","2026-07-11 21:17:40"
"n","1000","1000","20","iForest","9","9003","NA","0.1457","0.1459","OK","2026-07-11 21:17:40"
"n","1000","1000","20","iForest","10","10003","NA","0.1083","0.1085","OK","2026-07-11 21:17:41"
"n","1000","1000","20","RKCCD-OOS","1","1003","16.047","17.0813","43.1069","OK","2026-07-11 21:18:24"
"n","1000","1000","20","RKCCD-OOS","2","2003","16.8929","16.9932","36.2692","OK","2026-07-11 21:19:00"
"n","1000","1000","20","RKCCD-OOS","3","3003","16.5712","16.3073","35.2689","OK","2026-07-11 21:19:36"
"n","1000","1000","20","RKCCD-OOS","4","4003","15.7675","16.2595","34.421","OK","2026-07-11 21:20:11"
"n","1000","1000","20","RKCCD-OOS","5","5003","16.3789","16.6674","35.4311","OK","2026-07-11 21:20:46"
"n","1000","1000","20","RKCCD-OOS","6","6003","16.7547","16.9403","36.0986","OK","2026-07-11 21:21:22"
"n","1000","1000","20","RKCCD-OOS","7","7003","16.4488","15.9487","34.8002","OK","2026-07-11 21:21:58"
"n","1000","1000","20","RKCCD-OOS","8","8003","16.1525","15.9277","34.4258","OK","2026-07-11 21:22:32"
"n","1000","1000","20","RKCCD-OOS","9","9003","16.258","16.3711","34.9763","OK","2026-07-11 21:23:07"
"n","1000","1000","20","RKCCD-OOS","10","10003","15.5015","15.873","33.7178","OK","2026-07-11 21:23:41"
"n","1000","1000","20","RKCCD-IOS","1","1003","16.4362","16.9596","35.7766","OK","2026-07-11 21:24:17"
"n","1000","1000","20","RKCCD-IOS","2","2003","16.4264","16.3997","35.2085","OK","2026-07-11 21:24:53"
"n","1000","1000","20","RKCCD-IOS","3","3003","15.8906","15.8973","34.1412","OK","2026-07-11 21:25:27"
"n","1000","1000","20","RKCCD-IOS","4","4003","16.1172","16.0221","34.4745","OK","2026-07-11 21:26:02"
"n","1000","1000","20","RKCCD-IOS","5","5003","15.7644","16.2103","34.3189","OK","2026-07-11 21:26:36"
"n","1000","1000","20","RKCCD-IOS","6","6003","15.9279","16.2787","34.5502","OK","2026-07-11 21:27:11"
"n","1000","1000","20","RKCCD-IOS","7","7003","15.8885","15.9462","34.1876","OK","2026-07-11 21:27:46"
"n","1000","1000","20","RKCCD-IOS","8","8003","15.7611","15.7845","33.8939","OK","2026-07-11 21:28:20"
"n","1000","1000","20","RKCCD-IOS","9","9003","16.0773","16.2495","34.687","OK","2026-07-11 21:28:55"
"n","1000","1000","20","RKCCD-IOS","10","10003","15.5173","15.7699","33.6175","OK","2026-07-11 21:29:29"
"n","1000","1000","20","UNCCD-OOS","1","1003","NA","NA","1800.0224","FLAGGED_TIMEOUT","2026-07-11 21:59:29"
"n","1000","1000","20","UNCCD-IOS","1","1003","NA","NA","1800.0069","FLAGGED_TIMEOUT","2026-07-11 22:29:29"
"n","2000","2000","20","LOF","1","1004","NA","2.3338","2.334","OK","2026-07-11 22:29:31"
"n","2000","2000","20","LOF","2","2004","NA","2.2042","2.2044","OK","2026-07-11 22:29:34"
"n","2000","2000","20","LOF","3","3004","NA","2.1357","2.1359","OK","2026-07-11 22:29:36"
"n","2000","2000","20","LOF","4","4004","NA","2.1912","2.1914","OK","2026-07-11 22:29:38"
"n","2000","2000","20","LOF","5","5004","NA","2.2052","2.2054","OK","2026-07-11 22:29:41"
"n","2000","2000","20","LOF","6","6004","NA","2.9734","2.9737","OK","2026-07-11 22:29:44"
"n","2000","2000","20","LOF","7","7004","NA","2.259","2.2592","OK","2026-07-11 22:29:46"
"n","2000","2000","20","LOF","8","8004","NA","2.8242","2.8244","OK","2026-07-11 22:29:49"
"n","2000","2000","20","LOF","9","9004","NA","3.1761","3.1763","OK","2026-07-11 22:29:53"
"n","2000","2000","20","LOF","10","10004","NA","2.06","2.0602","OK","2026-07-11 22:29:55"
"n","2000","2000","20","DBSCAN","1","1004","NA","0.6249","0.6252","OK","2026-07-11 22:29:56"
"n","2000","2000","20","DBSCAN","2","2004","NA","0.398","0.3983","OK","2026-07-11 22:29:56"
"n","2000","2000","20","DBSCAN","3","3004","NA","0.4848","0.4851","OK","2026-07-11 22:29:57"
"n","2000","2000","20","DBSCAN","4","4004","NA","0.4731","0.4733","OK","2026-07-11 22:29:58"
"n","2000","2000","20","DBSCAN","5","5004","NA","0.5201","0.5204","OK","2026-07-11 22:29:58"
"n","2000","2000","20","DBSCAN","6","6004","NA","0.5388","0.539","OK","2026-07-11 22:29:59"
"n","2000","2000","20","DBSCAN","7","7004","NA","0.5165","0.5168","OK","2026-07-11 22:30:00"
"n","2000","2000","20","DBSCAN","8","8004","NA","0.4948","0.4951","OK","2026-07-11 22:30:00"
"n","2000","2000","20","DBSCAN","9","9004","NA","0.5371","0.5373","OK","2026-07-11 22:30:01"
"n","2000","2000","20","DBSCAN","10","10004","NA","0.5085","0.5087","OK","2026-07-11 22:30:02"
"n","2000","2000","20","MST","1","1004","NA","13.7075","13.7077","OK","2026-07-11 22:30:15"
"n","2000","2000","20","MST","2","2004","NA","13.8264","13.8265","OK","2026-07-11 22:30:29"
"n","2000","2000","20","MST","3","3004","NA","13.9682","13.9684","OK","2026-07-11 22:30:44"
"n","2000","2000","20","MST","4","4004","NA","14.1668","14.167","OK","2026-07-11 22:30:58"
"n","2000","2000","20","MST","5","5004","NA","22.9078","22.908","OK","2026-07-11 22:31:21"
"n","2000","2000","20","MST","6","6004","NA","20.274","20.2742","OK","2026-07-11 22:31:41"
"n","2000","2000","20","MST","7","7004","NA","14.3069","14.3072","OK","2026-07-11 22:31:56"
"n","2000","2000","20","MST","8","8004","NA","18.4766","18.4769","OK","2026-07-11 22:32:15"
"n","2000","2000","20","MST","9","9004","NA","14.0504","14.0506","OK","2026-07-11 22:32:29"
"n","2000","2000","20","MST","10","10004","NA","14.0248","14.025","OK","2026-07-11 22:32:43"
"n","2000","2000","20","ODIN","1","1004","NA","0.4912","0.4915","OK","2026-07-11 22:32:44"
"n","2000","2000","20","ODIN","2","2004","NA","0.3837","0.3839","OK","2026-07-11 22:32:44"
"n","2000","2000","20","ODIN","3","3004","NA","0.4231","0.4233","OK","2026-07-11 22:32:45"
"n","2000","2000","20","ODIN","4","4004","NA","0.4073","0.4075","OK","2026-07-11 22:32:45"
"n","2000","2000","20","ODIN","5","5004","NA","0.4154","0.4156","OK","2026-07-11 22:32:46"
"n","2000","2000","20","ODIN","6","6004","NA","0.4738","0.474","OK","2026-07-11 22:32:47"
"n","2000","2000","20","ODIN","7","7004","NA","0.4543","0.4545","OK","2026-07-11 22:32:47"
"n","2000","2000","20","ODIN","8","8004","NA","0.433","0.4332","OK","2026-07-11 22:32:48"
"n","2000","2000","20","ODIN","9","9004","NA","0.4764","0.4766","OK","2026-07-11 22:32:48"
"n","2000","2000","20","ODIN","10","10004","NA","0.488","0.4882","OK","2026-07-11 22:32:49"
"n","2000","2000","20","iForest","1","1004","NA","0.2117","0.2119","OK","2026-07-11 22:32:49"
"n","2000","2000","20","iForest","2","2004","NA","0.1871","0.1872","OK","2026-07-11 22:32:50"
"n","2000","2000","20","iForest","3","3004","NA","0.1973","0.1975","OK","2026-07-11 22:32:50"
"n","2000","2000","20","iForest","4","4004","NA","0.2275","0.2277","OK","2026-07-11 22:32:50"
"n","2000","2000","20","iForest","5","5004","NA","0.237","0.2371","OK","2026-07-11 22:32:51"
"n","2000","2000","20","iForest","6","6004","NA","0.1874","0.1876","OK","2026-07-11 22:32:51"
"n","2000","2000","20","iForest","7","7004","NA","0.2267","0.2269","OK","2026-07-11 22:32:51"
"n","2000","2000","20","iForest","8","8004","NA","0.2135","0.2137","OK","2026-07-11 22:32:52"
"n","2000","2000","20","iForest","9","9004","NA","0.2183","0.2185","OK","2026-07-11 22:32:52"
"n","2000","2000","20","iForest","10","10004","NA","0.2166","0.2168","OK","2026-07-11 22:32:53"
"n","2000","2000","20","UNCCD-OOS","1","1004","NA","NA","1800.0539","FLAGGED_TIMEOUT","2026-07-12 00:15:43"
"n","2000","2000","20","UNCCD-IOS","1","1004","NA","NA","1800.0093","FLAGGED_TIMEOUT","2026-07-12 00:45:43"
"n","4000","4000","20","LOF","1","1005","NA","8.5603","8.5605","OK","2026-07-12 00:45:52"
"n","4000","4000","20","LOF","2","2005","NA","7.8884","7.8886","OK","2026-07-12 00:46:00"
"n","4000","4000","20","LOF","3","3005","NA","10.8773","10.8775","OK","2026-07-12 00:46:11"
"n","4000","4000","20","LOF","4","4005","NA","7.8787","7.879","OK","2026-07-12 00:46:19"
"n","4000","4000","20","LOF","5","5005","NA","8.8714","8.8716","OK","2026-07-12 00:46:28"
"n","4000","4000","20","LOF","6","6005","NA","12.5528","12.553","OK","2026-07-12 00:46:41"
"n","4000","4000","20","LOF","7","7005","NA","8.1845","8.1847","OK","2026-07-12 00:46:49"
"n","4000","4000","20","LOF","8","8005","NA","12.9464","12.9466","OK","2026-07-12 00:47:02"
"n","4000","4000","20","LOF","9","9005","NA","8.3468","8.3471","OK","2026-07-12 00:47:11"
"n","4000","4000","20","LOF","10","10005","NA","11.4198","11.4201","OK","2026-07-12 00:47:22"
"n","4000","4000","20","DBSCAN","1","1005","NA","2.0263","2.0266","OK","2026-07-12 00:47:24"
"n","4000","4000","20","DBSCAN","2","2005","NA","1.7774","1.7777","OK","2026-07-12 00:47:26"
"n","4000","4000","20","DBSCAN","3","3005","NA","1.7633","1.7635","OK","2026-07-12 00:47:28"
"n","4000","4000","20","DBSCAN","4","4005","NA","1.8221","1.8224","OK","2026-07-12 00:47:30"
"n","4000","4000","20","DBSCAN","5","5005","NA","1.7639","1.7642","OK","2026-07-12 00:47:32"
"n","4000","4000","20","DBSCAN","6","6005","NA","1.7452","1.7455","OK","2026-07-12 00:47:34"
"n","4000","4000","20","DBSCAN","7","7005","NA","1.769","1.7692","OK","2026-07-12 00:47:36"
"n","4000","4000","20","DBSCAN","8","8005","NA","1.9459","1.9462","OK","2026-07-12 00:47:38"
"n","4000","4000","20","DBSCAN","9","9005","NA","1.7515","1.7517","OK","2026-07-12 00:47:40"
"n","4000","4000","20","DBSCAN","10","10005","NA","1.814","1.8143","OK","2026-07-12 00:47:42"
"n","4000","4000","20","MST","1","1005","NA","56.3532","56.3535","OK","2026-07-12 00:48:39"
"n","4000","4000","20","MST","2","2005","NA","73.8503","73.8506","OK","2026-07-12 00:49:53"
"n","4000","4000","20","MST","3","3005","NA","68.4891","68.4894","OK","2026-07-12 00:51:02"
"n","4000","4000","20","MST","4","4005","NA","54.8668","54.867","OK","2026-07-12 00:51:57"
"n","4000","4000","20","MST","5","5005","NA","73.7175","73.7177","OK","2026-07-12 00:53:11"
"n","4000","4000","20","MST","6","6005","NA","68.0473","68.0475","OK","2026-07-12 00:54:19"
"n","4000","4000","20","MST","7","7005","NA","56.5618","56.5621","OK","2026-07-12 00:55:16"
"n","4000","4000","20","MST","8","8005","NA","55.3138","55.314","OK","2026-07-12 00:56:12"
"n","4000","4000","20","MST","9","9005","NA","78.8573","78.8576","OK","2026-07-12 00:57:31"
"n","4000","4000","20","MST","10","10005","NA","55.212","55.2123","OK","2026-07-12 00:58:27"
"n","4000","4000","20","ODIN","1","1005","NA","3.0484","3.0486","OK","2026-07-12 00:58:30"
"n","4000","4000","20","ODIN","2","2005","NA","2.7809","2.7811","OK","2026-07-12 00:58:33"
"n","4000","4000","20","ODIN","3","3005","NA","2.8245","2.8248","OK","2026-07-12 00:58:36"
"n","4000","4000","20","ODIN","4","4005","NA","2.9036","2.9038","OK","2026-07-12 00:58:39"
"n","4000","4000","20","ODIN","5","5005","NA","3.0165","3.0168","OK","2026-07-12 00:58:42"
"n","4000","4000","20","ODIN","6","6005","NA","3.3938","3.3941","OK","2026-07-12 00:58:46"
"n","4000","4000","20","ODIN","7","7005","NA","2.9484","2.9486","OK","2026-07-12 00:58:49"
"n","4000","4000","20","ODIN","8","8005","NA","3.2142","3.2144","OK","2026-07-12 00:58:52"
"n","4000","4000","20","ODIN","9","9005","NA","3.0039","3.0041","OK","2026-07-12 00:58:56"
"n","4000","4000","20","ODIN","10","10005","NA","3.2445","3.2447","OK","2026-07-12 00:58:59"
"n","4000","4000","20","iForest","1","1005","NA","0.4663","0.4665","OK","2026-07-12 00:59:00"
"n","4000","4000","20","iForest","2","2005","NA","0.4628","0.463","OK","2026-07-12 00:59:01"
"n","4000","4000","20","iForest","3","3005","NA","0.4171","0.4172","OK","2026-07-12 00:59:01"
"n","4000","4000","20","iForest","4","4005","NA","0.4544","0.4546","OK","2026-07-12 00:59:02"
"n","4000","4000","20","iForest","5","5005","NA","0.4232","0.4235","OK","2026-07-12 00:59:02"
"n","4000","4000","20","iForest","6","6005","NA","0.4464","0.4466","OK","2026-07-12 00:59:03"
"n","4000","4000","20","iForest","7","7005","NA","0.4483","0.4484","OK","2026-07-12 00:59:04"
"n","4000","4000","20","iForest","8","8005","NA","0.473","0.4732","OK","2026-07-12 00:59:04"
"n","4000","4000","20","iForest","9","9005","NA","0.3936","0.3938","OK","2026-07-12 00:59:05"
"n","4000","4000","20","iForest","10","10005","NA","0.4285","0.4287","OK","2026-07-12 00:59:05"
"n","4000","4000","20","RKCCD-OOS","1","1005","NA","NA","1800.0979","FLAGGED_TIMEOUT","2026-07-12 01:29:06"
"n","4000","4000","20","RKCCD-IOS","1","1005","NA","NA","1800.0671","FLAGGED_TIMEOUT","2026-07-12 01:59:06"
"n","4000","4000","20","UNCCD-OOS","1","1005","NA","NA","1800.2146","FLAGGED_TIMEOUT","2026-07-12 02:29:07"
"n","4000","4000","20","UNCCD-IOS","1","1005","NA","NA","1800.1615","FLAGGED_TIMEOUT","2026-07-12 02:59:07"
"d","10","1000","10","LOF","1","1006","NA","0.4532","0.4536","OK","2026-07-12 02:59:08"
"d","10","1000","10","LOF","2","2006","NA","0.4604","0.4606","OK","2026-07-12 02:59:08"
"d","10","1000","10","LOF","3","3006","NA","0.449","0.4491","OK","2026-07-12 02:59:09"
"d","10","1000","10","LOF","4","4006","NA","0.4395","0.4397","OK","2026-07-12 02:59:10"
"d","10","1000","10","LOF","5","5006","NA","0.4215","0.4217","OK","2026-07-12 02:59:10"
"d","10","1000","10","LOF","6","6006","NA","0.4303","0.4305","OK","2026-07-12 02:59:11"
"d","10","1000","10","LOF","7","7006","NA","0.4889","0.489","OK","2026-07-12 02:59:11"
"d","10","1000","10","LOF","8","8006","NA","0.3789","0.3791","OK","2026-07-12 02:59:12"
"d","10","1000","10","LOF","9","9006","NA","0.4449","0.4451","OK","2026-07-12 02:59:12"
"d","10","1000","10","LOF","10","10006","NA","0.4271","0.4273","OK","2026-07-12 02:59:13"
"d","10","1000","10","DBSCAN","1","1006","NA","0.0854","0.0856","OK","2026-07-12 02:59:13"
"d","10","1000","10","DBSCAN","2","2006","NA","0.0785","0.0786","OK","2026-07-12 02:59:13"
"d","10","1000","10","DBSCAN","3","3006","NA","0.0819","0.0821","OK","2026-07-12 02:59:13"
"d","10","1000","10","DBSCAN","4","4006","NA","0.0803","0.0805","OK","2026-07-12 02:59:14"
"d","10","1000","10","DBSCAN","5","5006","NA","0.0644","0.0646","OK","2026-07-12 02:59:14"
"d","10","1000","10","DBSCAN","6","6006","NA","0.0664","0.0665","OK","2026-07-12 02:59:14"
"d","10","1000","10","DBSCAN","7","7006","NA","0.0737","0.0739","OK","2026-07-12 02:59:14"
"d","10","1000","10","DBSCAN","8","8006","NA","0.0764","0.0766","OK","2026-07-12 02:59:14"
"d","10","1000","10","DBSCAN","9","9006","NA","0.0641","0.0643","OK","2026-07-12 02:59:14"
"d","10","1000","10","DBSCAN","10","10006","NA","0.0675","0.0676","OK","2026-07-12 02:59:15"
"d","10","1000","10","MST","1","1006","NA","2.8098","2.81","OK","2026-07-12 02:59:18"
"d","10","1000","10","MST","2","2006","NA","2.8991","2.8992","OK","2026-07-12 02:59:21"
"d","10","1000","10","MST","3","3006","NA","2.5033","2.5034","OK","2026-07-12 02:59:23"
"d","10","1000","10","MST","4","4006","NA","2.4388","2.4389","OK","2026-07-12 02:59:26"
"d","10","1000","10","MST","5","5006","NA","2.4345","2.4346","OK","2026-07-12 02:59:28"
"d","10","1000","10","MST","6","6006","NA","2.389","2.3892","OK","2026-07-12 02:59:31"
"d","10","1000","10","MST","7","7006","NA","2.3888","2.3889","OK","2026-07-12 02:59:33"
"d","10","1000","10","MST","8","8006","NA","2.3555","2.3556","OK","2026-07-12 02:59:36"
"d","10","1000","10","MST","9","9006","NA","2.0067","2.0068","OK","2026-07-12 02:59:38"
"d","10","1000","10","MST","10","10006","NA","2.2908","2.2909","OK","2026-07-12 02:59:40"
"d","10","1000","10","ODIN","1","1006","NA","0.0849","0.0851","OK","2026-07-12 02:59:40"
"d","10","1000","10","ODIN","2","2006","NA","0.0665","0.0666","OK","2026-07-12 02:59:40"
"d","10","1000","10","ODIN","3","3006","NA","0.0728","0.073","OK","2026-07-12 02:59:41"
"d","10","1000","10","ODIN","4","4006","NA","0.0495","0.0496","OK","2026-07-12 02:59:41"
"d","10","1000","10","ODIN","5","5006","NA","0.0822","0.0823","OK","2026-07-12 02:59:41"
"d","10","1000","10","ODIN","6","6006","NA","0.048","0.0481","OK","2026-07-12 02:59:41"
"d","10","1000","10","ODIN","7","7006","NA","0.0477","0.0478","OK","2026-07-12 02:59:41"
"d","10","1000","10","ODIN","8","8006","NA","0.0681","0.0682","OK","2026-07-12 02:59:41"
"d","10","1000","10","ODIN","9","9006","NA","0.0702","0.0703","OK","2026-07-12 02:59:41"
"d","10","1000","10","ODIN","10","10006","NA","0.0744","0.0745","OK","2026-07-12 02:59:42"
"d","10","1000","10","iForest","1","1006","NA","0.0751","0.0752","OK","2026-07-12 02:59:42"
"d","10","1000","10","iForest","2","2006","NA","0.1007","0.1009","OK","2026-07-12 02:59:42"
"d","10","1000","10","iForest","3","3006","NA","0.0982","0.0983","OK","2026-07-12 02:59:42"
"d","10","1000","10","iForest","4","4006","NA","0.0751","0.0752","OK","2026-07-12 02:59:42"
"d","10","1000","10","iForest","5","5006","NA","0.0841","0.0842","OK","2026-07-12 02:59:42"
"d","10","1000","10","iForest","6","6006","NA","0.1151","0.1152","OK","2026-07-12 02:59:43"
"d","10","1000","10","iForest","7","7006","NA","0.1043","0.1045","OK","2026-07-12 02:59:43"
"d","10","1000","10","iForest","8","8006","NA","0.0712","0.0713","OK","2026-07-12 02:59:43"
"d","10","1000","10","iForest","9","9006","NA","0.1015","0.1016","OK","2026-07-12 02:59:43"
"d","10","1000","10","iForest","10","10006","NA","0.1027","0.1028","OK","2026-07-12 02:59:43"
"d","10","1000","10","UNCCD-OOS","1","1006","NA","NA","1800.0273","FLAGGED_TIMEOUT","2026-07-12 03:38:08"
"d","10","1000","10","UNCCD-IOS","1","1006","NA","NA","1800.0277","FLAGGED_TIMEOUT","2026-07-12 04:08:08"
"d","50","1000","50","LOF","1","1007","NA","0.8281","0.8282","OK","2026-07-12 04:08:09"
"d","50","1000","50","LOF","2","2007","NA","0.7643","0.7644","OK","2026-07-12 04:08:10"
"d","50","1000","50","LOF","3","3007","NA","0.8328","0.833","OK","2026-07-12 04:08:10"
"d","50","1000","50","LOF","4","4007","NA","0.7662","0.7663","OK","2026-07-12 04:08:11"
"d","50","1000","50","LOF","5","5007","NA","0.7645","0.7646","OK","2026-07-12 04:08:12"
"d","50","1000","50","LOF","6","6007","NA","0.789","0.7891","OK","2026-07-12 04:08:13"
"d","50","1000","50","LOF","7","7007","NA","0.8248","0.8249","OK","2026-07-12 04:08:14"
"d","50","1000","50","LOF","8","8007","NA","0.8155","0.8156","OK","2026-07-12 04:08:15"
"d","50","1000","50","LOF","9","9007","NA","0.7711","0.7713","OK","2026-07-12 04:08:16"
"d","50","1000","50","LOF","10","10007","NA","0.7994","0.7995","OK","2026-07-12 04:08:17"
"d","50","1000","50","DBSCAN","1","1007","NA","0.124","0.1241","OK","2026-07-12 04:08:17"
"d","50","1000","50","DBSCAN","2","2007","NA","0.1325","0.1327","OK","2026-07-12 04:08:17"
"d","50","1000","50","DBSCAN","3","3007","NA","0.1313","0.1314","OK","2026-07-12 04:08:17"
"d","50","1000","50","DBSCAN","4","4007","NA","0.1122","0.1123","OK","2026-07-12 04:08:17"
"d","50","1000","50","DBSCAN","5","5007","NA","0.1099","0.1101","OK","2026-07-12 04:08:17"
"d","50","1000","50","DBSCAN","6","6007","NA","0.1199","0.12","OK","2026-07-12 04:08:18"
"d","50","1000","50","DBSCAN","7","7007","NA","0.1234","0.1235","OK","2026-07-12 04:08:18"
"d","50","1000","50","DBSCAN","8","8007","NA","0.1289","0.1291","OK","2026-07-12 04:08:18"
"d","50","1000","50","DBSCAN","9","9007","NA","0.1317","0.1319","OK","2026-07-12 04:08:18"
"d","50","1000","50","DBSCAN","10","10007","NA","0.0937","0.0938","OK","2026-07-12 04:08:18"
"d","50","1000","50","MST","1","1007","NA","1.973","1.9731","OK","2026-07-12 04:08:20"
"d","50","1000","50","MST","2","2007","NA","1.8665","1.8666","OK","2026-07-12 04:08:22"
"d","50","1000","50","MST","3","3007","NA","2.013","2.0132","OK","2026-07-12 04:08:24"
"d","50","1000","50","MST","4","4007","NA","2.1436","2.1437","OK","2026-07-12 04:08:27"
"d","50","1000","50","MST","5","5007","NA","2.0696","2.0697","OK","2026-07-12 04:08:29"
"d","50","1000","50","MST","6","6007","NA","2.0708","2.0709","OK","2026-07-12 04:08:31"
"d","50","1000","50","MST","7","7007","NA","2.0863","2.0864","OK","2026-07-12 04:08:33"
"d","50","1000","50","MST","8","8007","NA","1.8036","1.8037","OK","2026-07-12 04:08:35"
"d","50","1000","50","MST","9","9007","NA","2.092","2.0921","OK","2026-07-12 04:08:37"
"d","50","1000","50","MST","10","10007","NA","2.0382","2.0383","OK","2026-07-12 04:08:39"
"d","50","1000","50","ODIN","1","1007","NA","0.0966","0.0967","OK","2026-07-12 04:08:40"
"d","50","1000","50","ODIN","2","2007","NA","0.087","0.0872","OK","2026-07-12 04:08:40"
"d","50","1000","50","ODIN","3","3007","NA","0.0869","0.087","OK","2026-07-12 04:08:40"
"d","50","1000","50","ODIN","4","4007","NA","0.0908","0.091","OK","2026-07-12 04:08:40"
"d","50","1000","50","ODIN","5","5007","NA","0.0569","0.057","OK","2026-07-12 04:08:40"
"d","50","1000","50","ODIN","6","6007","NA","0.0573","0.0574","OK","2026-07-12 04:08:40"
"d","50","1000","50","ODIN","7","7007","NA","0.0572","0.0573","OK","2026-07-12 04:08:40"
"d","50","1000","50","ODIN","8","8007","NA","0.0545","0.0546","OK","2026-07-12 04:08:41"
"d","50","1000","50","ODIN","9","9007","NA","0.0908","0.091","OK","2026-07-12 04:08:41"
"d","50","1000","50","ODIN","10","10007","NA","0.0855","0.0856","OK","2026-07-12 04:08:41"
"d","50","1000","50","iForest","1","1007","NA","0.1058","0.1059","OK","2026-07-12 04:08:41"
"d","50","1000","50","iForest","2","2007","NA","0.0964","0.0965","OK","2026-07-12 04:08:41"
"d","50","1000","50","iForest","3","3007","NA","0.0763","0.0764","OK","2026-07-12 04:08:41"
"d","50","1000","50","iForest","4","4007","NA","0.0779","0.078","OK","2026-07-12 04:08:41"
"d","50","1000","50","iForest","5","5007","NA","0.0954","0.0955","OK","2026-07-12 04:08:42"
"d","50","1000","50","iForest","6","6007","NA","0.1034","0.1036","OK","2026-07-12 04:08:42"
"d","50","1000","50","iForest","7","7007","NA","0.1015","0.1017","OK","2026-07-12 04:08:42"
"d","50","1000","50","iForest","8","8007","NA","0.1","0.1002","OK","2026-07-12 04:08:42"
"d","50","1000","50","iForest","9","9007","NA","0.1012","0.1013","OK","2026-07-12 04:08:42"
"d","50","1000","50","iForest","10","10007","NA","0.0959","0.096","OK","2026-07-12 04:08:42"
"d","50","1000","50","RKCCD-OOS","1","1007","9.5792","9.7145","22.3953","OK","2026-07-12 04:09:05"
"d","50","1000","50","RKCCD-OOS","2","2007","9.9206","10.349","21.2195","OK","2026-07-12 04:09:26"
"d","50","1000","50","RKCCD-OOS","3","3007","9.8866","10.151","20.9752","OK","2026-07-12 04:09:47"
"d","50","1000","50","RKCCD-OOS","4","4007","9.6117","10.0617","20.6154","OK","2026-07-12 04:10:08"
"d","50","1000","50","RKCCD-OOS","5","5007","9.676","10.2827","20.9058","OK","2026-07-12 04:10:29"
"d","50","1000","50","RKCCD-OOS","6","6007","9.8994","9.9667","20.8155","OK","2026-07-12 04:10:50"
"d","50","1000","50","RKCCD-OOS","7","7007","9.6016","9.8022","20.3537","OK","2026-07-12 04:11:10"
"d","50","1000","50","RKCCD-OOS","8","8007","10.0999","9.9353","21.0009","OK","2026-07-12 04:11:32"
"d","50","1000","50","RKCCD-OOS","9","9007","9.8199","10.2119","20.9777","OK","2026-07-12 04:11:53"
"d","50","1000","50","RKCCD-OOS","10","10007","9.4376","9.5387","19.9187","OK","2026-07-12 04:12:13"
"d","50","1000","50","RKCCD-IOS","1","1007","9.9528","10.0827","20.9791","OK","2026-07-12 04:12:34"
"d","50","1000","50","RKCCD-IOS","2","2007","9.683","9.7475","20.3802","OK","2026-07-12 04:12:54"
"d","50","1000","50","RKCCD-IOS","3","3007","10.2607","9.4676","20.6746","OK","2026-07-12 04:13:15"
"d","50","1000","50","RKCCD-IOS","4","4007","9.6328","9.8315","20.4037","OK","2026-07-12 04:13:36"
"d","50","1000","50","RKCCD-IOS","5","5007","9.4767","9.6224","20.0486","OK","2026-07-12 04:13:56"
"d","50","1000","50","RKCCD-IOS","6","6007","10.0938","10.0026","21.0476","OK","2026-07-12 04:14:17"
"d","50","1000","50","RKCCD-IOS","7","7007","9.6369","9.9256","20.5078","OK","2026-07-12 04:14:37"
"d","50","1000","50","RKCCD-IOS","8","8007","9.669","10.1948","20.8154","OK","2026-07-12 04:14:58"
"d","50","1000","50","RKCCD-IOS","9","9007","9.8313","9.8292","20.5925","OK","2026-07-12 04:15:19"
"d","50","1000","50","RKCCD-IOS","10","10007","9.4604","9.7315","20.1395","OK","2026-07-12 04:15:39"
"d","50","1000","50","UNCCD-OOS","1","1007","NA","NA","1800.0455","FLAGGED_TIMEOUT","2026-07-12 04:45:39"
"d","50","1000","50","UNCCD-IOS","1","1007","NA","NA","1800.0243","FLAGGED_TIMEOUT","2026-07-12 05:15:40"
"d","100","1000","100","LOF","1","1008","NA","1.116","1.1161","OK","2026-07-12 05:15:41"
"d","100","1000","100","LOF","2","2008","NA","1.1835","1.1836","OK","2026-07-12 05:15:42"
"d","100","1000","100","LOF","3","3008","NA","1.2944","1.2945","OK","2026-07-12 05:15:43"
"d","100","1000","100","LOF","4","4008","NA","1.3252","1.3253","OK","2026-07-12 05:15:45"
"d","100","1000","100","LOF","5","5008","NA","1.2823","1.2824","OK","2026-07-12 05:15:46"
"d","100","1000","100","LOF","6","6008","NA","1.2731","1.2732","OK","2026-07-12 05:15:48"
"d","100","1000","100","LOF","7","7008","NA","1.0987","1.0988","OK","2026-07-12 05:15:49"
"d","100","1000","100","LOF","8","8008","NA","1.2043","1.2044","OK","2026-07-12 05:15:50"
"d","100","1000","100","LOF","9","9008","NA","1.1298","1.1299","OK","2026-07-12 05:15:51"
"d","100","1000","100","LOF","10","10008","NA","1.1926","1.1927","OK","2026-07-12 05:15:53"
"d","100","1000","100","DBSCAN","1","1008","NA","0.1562","0.1563","OK","2026-07-12 05:15:53"
"d","100","1000","100","DBSCAN","2","2008","NA","0.1824","0.1825","OK","2026-07-12 05:15:53"
"d","100","1000","100","DBSCAN","3","3008","NA","0.1925","0.1926","OK","2026-07-12 05:15:54"
"d","100","1000","100","DBSCAN","4","4008","NA","0.1823","0.1824","OK","2026-07-12 05:15:54"
"d","100","1000","100","DBSCAN","5","5008","NA","0.1651","0.1652","OK","2026-07-12 05:15:54"
"d","100","1000","100","DBSCAN","6","6008","NA","0.1944","0.1946","OK","2026-07-12 05:15:54"
"d","100","1000","100","DBSCAN","7","7008","NA","0.194","0.1941","OK","2026-07-12 05:15:55"
"d","100","1000","100","DBSCAN","8","8008","NA","0.1808","0.1809","OK","2026-07-12 05:15:55"
"d","100","1000","100","DBSCAN","9","9008","NA","0.1725","0.1728","OK","2026-07-12 05:15:55"
"d","100","1000","100","DBSCAN","10","10008","NA","0.1864","0.1865","OK","2026-07-12 05:15:55"
"d","100","1000","100","MST","1","1008","NA","2.1471","2.1472","OK","2026-07-12 05:15:58"
"d","100","1000","100","MST","2","2008","NA","1.9729","1.973","OK","2026-07-12 05:16:00"
"d","100","1000","100","MST","3","3008","NA","2.0942","2.0943","OK","2026-07-12 05:16:02"
"d","100","1000","100","MST","4","4008","NA","1.9513","1.9514","OK","2026-07-12 05:16:04"
"d","100","1000","100","MST","5","5008","NA","2.0899","2.09","OK","2026-07-12 05:16:06"
"d","100","1000","100","MST","6","6008","NA","1.9969","1.997","OK","2026-07-12 05:16:08"
"d","100","1000","100","MST","7","7008","NA","2.1796","2.1797","OK","2026-07-12 05:16:11"
"d","100","1000","100","MST","8","8008","NA","2.0711","2.0712","OK","2026-07-12 05:16:13"
"d","100","1000","100","MST","9","9008","NA","2.1171","2.1172","OK","2026-07-12 05:16:15"
"d","100","1000","100","MST","10","10008","NA","2.1337","2.1338","OK","2026-07-12 05:16:17"
"d","100","1000","100","ODIN","1","1008","NA","0.1055","0.1056","OK","2026-07-12 05:16:18"
"d","100","1000","100","ODIN","2","2008","NA","0.098","0.0981","OK","2026-07-12 05:16:18"
"d","100","1000","100","ODIN","3","3008","NA","0.0739","0.074","OK","2026-07-12 05:16:18"
"d","100","1000","100","ODIN","4","4008","NA","0.0758","0.0759","OK","2026-07-12 05:16:18"
"d","100","1000","100","ODIN","5","5008","NA","0.0679","0.068","OK","2026-07-12 05:16:18"
"d","100","1000","100","ODIN","6","6008","NA","0.1052","0.1053","OK","2026-07-12 05:16:19"
"d","100","1000","100","ODIN","7","7008","NA","0.0957","0.0959","OK","2026-07-12 05:16:19"
"d","100","1000","100","ODIN","8","8008","NA","0.1083","0.1085","OK","2026-07-12 05:16:19"
"d","100","1000","100","ODIN","9","9008","NA","0.0957","0.0959","OK","2026-07-12 05:16:19"
"d","100","1000","100","ODIN","10","10008","NA","0.0958","0.096","OK","2026-07-12 05:16:19"
"d","100","1000","100","iForest","1","1008","NA","0.0809","0.081","OK","2026-07-12 05:16:20"
"d","100","1000","100","iForest","2","2008","NA","0.0815","0.0816","OK","2026-07-12 05:16:20"
"d","100","1000","100","iForest","3","3008","NA","0.0792","0.0795","OK","2026-07-12 05:16:20"
"d","100","1000","100","iForest","4","4008","NA","0.0994","0.0995","OK","2026-07-12 05:16:20"
"d","100","1000","100","iForest","5","5008","NA","0.1009","0.101","OK","2026-07-12 05:16:20"
"d","100","1000","100","iForest","6","6008","NA","0.1017","0.1019","OK","2026-07-12 05:16:21"
"d","100","1000","100","iForest","7","7008","NA","0.1022","0.1023","OK","2026-07-12 05:16:21"
"d","100","1000","100","iForest","8","8008","NA","0.1036","0.1037","OK","2026-07-12 05:16:21"
"d","100","1000","100","iForest","9","9008","NA","0.1011","0.1013","OK","2026-07-12 05:16:21"
"d","100","1000","100","iForest","10","10008","NA","0.1027","0.1028","OK","2026-07-12 05:16:21"
"d","100","1000","100","RKCCD-OOS","1","1008","9.6783","10.072","20.4836","OK","2026-07-12 05:16:42"
"d","100","1000","100","RKCCD-OOS","2","2008","9.4528","10.097","20.1435","OK","2026-07-12 05:17:02"
"d","100","1000","100","RKCCD-OOS","3","3008","9.65","10.2574","20.4508","OK","2026-07-12 05:17:23"
"d","100","1000","100","RKCCD-OOS","4","4008","9.8927","9.9515","20.4119","OK","2026-07-12 05:17:43"
"d","100","1000","100","RKCCD-OOS","5","5008","9.4084","10.1858","20.1959","OK","2026-07-12 05:18:04"
"d","100","1000","100","RKCCD-OOS","6","6008","9.4906","9.8945","19.9745","OK","2026-07-12 05:18:24"
"d","100","1000","100","RKCCD-OOS","7","7008","9.9254","10.1693","20.6868","OK","2026-07-12 05:18:45"
"d","100","1000","100","RKCCD-OOS","8","8008","9.0921","9.5364","19.2188","OK","2026-07-12 05:19:04"
"d","100","1000","100","RKCCD-OOS","9","9008","9.4525","9.925","19.9699","OK","2026-07-12 05:19:24"
"d","100","1000","100","RKCCD-OOS","10","10008","9.5503","9.9952","20.1415","OK","2026-07-12 05:19:44"
"d","100","1000","100","RKCCD-IOS","1","1008","9.4005","9.9013","19.8383","OK","2026-07-12 05:20:04"
"d","100","1000","100","RKCCD-IOS","2","2008","9.1587","9.6318","19.3782","OK","2026-07-12 05:20:24"
"d","100","1000","100","RKCCD-IOS","3","3008","9.9452","9.8273","20.3143","OK","2026-07-12 05:20:44"
"d","100","1000","100","RKCCD-IOS","4","4008","9.5306","10.0812","20.1959","OK","2026-07-12 05:21:05"
"d","100","1000","100","RKCCD-IOS","5","5008","9.5922","9.6384","19.8171","OK","2026-07-12 05:21:25"
"d","100","1000","100","RKCCD-IOS","6","6008","9.6672","9.6989","19.9388","OK","2026-07-12 05:21:45"
"d","100","1000","100","RKCCD-IOS","7","7008","9.8542","10.1579","20.5831","OK","2026-07-12 05:22:05"
"d","100","1000","100","RKCCD-IOS","8","8008","9.2045","9.3905","19.1881","OK","2026-07-12 05:22:25"
"d","100","1000","100","RKCCD-IOS","9","9008","9.4943","9.6763","19.7593","OK","2026-07-12 05:22:45"
"d","100","1000","100","RKCCD-IOS","10","10008","9.5828","9.6783","19.8479","OK","2026-07-12 05:23:05"
"d","100","1000","100","UNCCD-OOS","1","1008","NA","NA","1800.0225","FLAGGED_TIMEOUT","2026-07-12 05:53:05"
"d","100","1000","100","UNCCD-IOS","1","1008","NA","NA","1800.0295","FLAGGED_TIMEOUT","2026-07-12 06:23:05"
"d","500","1000","500","LOF","1","1009","NA","4.801","4.8011","OK","2026-07-12 06:23:15"
"d","500","1000","500","LOF","2","2009","NA","4.9536","4.9538","OK","2026-07-12 06:23:24"
"d","500","1000","500","LOF","3","3009","NA","4.8155","4.8156","OK","2026-07-12 06:23:34"
"d","500","1000","500","LOF","4","4009","NA","4.7441","4.7443","OK","2026-07-12 06:23:44"
"d","500","1000","500","LOF","5","5009","NA","4.9437","4.9438","OK","2026-07-12 06:23:53"
"d","500","1000","500","LOF","6","6009","NA","4.6293","4.6294","OK","2026-07-12 06:24:03"
"d","500","1000","500","LOF","7","7009","NA","4.6832","4.6834","OK","2026-07-12 06:24:12"
"d","500","1000","500","LOF","8","8009","NA","4.7211","4.7212","OK","2026-07-12 06:24:21"
"d","500","1000","500","LOF","9","9009","NA","4.7561","4.7562","OK","2026-07-12 06:24:31"
"d","500","1000","500","LOF","10","10009","NA","4.6844","4.6845","OK","2026-07-12 06:24:40"
"d","500","1000","500","DBSCAN","1","1009","NA","0.6858","0.686","OK","2026-07-12 06:24:46"
"d","500","1000","500","DBSCAN","2","2009","NA","0.7351","0.7353","OK","2026-07-12 06:24:51"
"d","500","1000","500","DBSCAN","3","3009","NA","0.7414","0.7415","OK","2026-07-12 06:24:57"
"d","500","1000","500","DBSCAN","4","4009","NA","0.7457","0.7458","OK","2026-07-12 06:25:02"
"d","500","1000","500","DBSCAN","5","5009","NA","0.7328","0.733","OK","2026-07-12 06:25:08"
"d","500","1000","500","DBSCAN","6","6009","NA","0.7166","0.7167","OK","2026-07-12 06:25:14"
"d","500","1000","500","DBSCAN","7","7009","NA","0.7292","0.7294","OK","2026-07-12 06:25:19"
"d","500","1000","500","DBSCAN","8","8009","NA","0.7129","0.713","OK","2026-07-12 06:25:24"
"d","500","1000","500","DBSCAN","9","9009","NA","0.7416","0.7417","OK","2026-07-12 06:25:30"
"d","500","1000","500","DBSCAN","10","10009","NA","0.707","0.7072","OK","2026-07-12 06:25:35"
"d","500","1000","500","MST","1","1009","NA","2.5826","2.5828","OK","2026-07-12 06:25:42"
"d","500","1000","500","MST","2","2009","NA","2.4804","2.4805","OK","2026-07-12 06:25:50"
"d","500","1000","500","MST","3","3009","NA","2.4975","2.4976","OK","2026-07-12 06:25:57"
"d","500","1000","500","MST","4","4009","NA","2.5152","2.5153","OK","2026-07-12 06:26:04"
"d","500","1000","500","MST","5","5009","NA","2.635","2.635","OK","2026-07-12 06:26:12"
"d","500","1000","500","MST","6","6009","NA","2.5657","2.5659","OK","2026-07-12 06:26:19"
"d","500","1000","500","MST","7","7009","NA","2.4088","2.4089","OK","2026-07-12 06:26:26"
"d","500","1000","500","MST","8","8009","NA","2.6008","2.6009","OK","2026-07-12 06:26:34"
"d","500","1000","500","MST","9","9009","NA","2.3766","2.3767","OK","2026-07-12 06:26:41"
"d","500","1000","500","MST","10","10009","NA","2.4884","2.4885","OK","2026-07-12 06:26:48"
"d","500","1000","500","ODIN","1","1009","NA","0.2016","0.2017","OK","2026-07-12 06:26:53"
"d","500","1000","500","ODIN","2","2009","NA","0.204","0.2041","OK","2026-07-12 06:26:58"
"d","500","1000","500","ODIN","3","3009","NA","0.2044","0.2046","OK","2026-07-12 06:27:03"
"d","500","1000","500","ODIN","4","4009","NA","0.2067","0.2068","OK","2026-07-12 06:27:08"
"d","500","1000","500","ODIN","5","5009","NA","0.2057","0.2059","OK","2026-07-12 06:27:13"
"d","500","1000","500","ODIN","6","6009","NA","0.178","0.1781","OK","2026-07-12 06:27:19"
"d","500","1000","500","ODIN","7","7009","NA","0.192","0.1921","OK","2026-07-12 06:27:24"
"d","500","1000","500","ODIN","8","8009","NA","0.2032","0.2034","OK","2026-07-12 06:27:28"
"d","500","1000","500","ODIN","9","9009","NA","0.2003","0.2004","OK","2026-07-12 06:27:33"
"d","500","1000","500","ODIN","10","10009","NA","0.2054","0.2055","OK","2026-07-12 06:27:39"
"d","500","1000","500","iForest","1","1009","NA","0.1169","0.117","OK","2026-07-12 06:27:44"
"d","500","1000","500","iForest","2","2009","NA","0.1116","0.1117","OK","2026-07-12 06:27:49"
"d","500","1000","500","iForest","3","3009","NA","0.1177","0.1179","OK","2026-07-12 06:27:54"
"d","500","1000","500","iForest","4","4009","NA","0.1143","0.1144","OK","2026-07-12 06:27:58"
"d","500","1000","500","iForest","5","5009","NA","0.1142","0.1143","OK","2026-07-12 06:28:03"
"d","500","1000","500","iForest","6","6009","NA","0.1221","0.1223","OK","2026-07-12 06:28:08"
"d","500","1000","500","iForest","7","7009","NA","0.1126","0.1128","OK","2026-07-12 06:28:13"
"d","500","1000","500","iForest","8","8009","NA","0.1225","0.1226","OK","2026-07-12 06:28:18"
"d","500","1000","500","iForest","9","9009","NA","0.1151","0.1153","OK","2026-07-12 06:28:23"
"d","500","1000","500","iForest","10","10009","NA","0.1261","0.1262","OK","2026-07-12 06:28:28"
"d","500","1000","500","RKCCD-OOS","0","NA","NA","NA","NA","SKIPPED_NO_TABLE","2026-07-12 06:28:28"
"d","500","1000","500","RKCCD-IOS","0","NA","NA","NA","NA","SKIPPED_NO_TABLE","2026-07-12 06:28:28"
"d","500","1000","500","UNCCD-OOS","0","NA","NA","NA","NA","SKIPPED_NO_TABLE","2026-07-12 06:28:28"
"d","500","1000","500","UNCCD-IOS","0","NA","NA","NA","NA","SKIPPED_NO_TABLE","2026-07-12 06:28:28"
"d","1000","1000","1000","LOF","1","1010","NA","9.3919","9.392","OK","2026-07-12 06:29:16"
"d","1000","1000","1000","LOF","2","2010","NA","9.4004","9.4006","OK","2026-07-12 06:30:03"
"d","1000","1000","1000","LOF","3","3010","NA","9.2638","9.2639","OK","2026-07-12 06:30:50"
"d","1000","1000","1000","LOF","4","4010","NA","9.17","9.1702","OK","2026-07-12 06:31:37"
"d","1000","1000","1000","LOF","5","5010","NA","9.2382","9.2383","OK","2026-07-12 06:32:24"
"d","1000","1000","1000","LOF","6","6010","NA","9.4314","9.4315","OK","2026-07-12 06:33:12"
"d","1000","1000","1000","LOF","7","7010","NA","9.3811","9.3813","OK","2026-07-12 06:33:59"
"d","1000","1000","1000","LOF","8","8010","NA","9.33","9.3301","OK","2026-07-12 06:34:47"
"d","1000","1000","1000","LOF","9","9010","NA","9.1957","9.1958","OK","2026-07-12 06:35:35"
"d","1000","1000","1000","LOF","10","10010","NA","9.2922","9.2924","OK","2026-07-12 06:36:22"
"d","1000","1000","1000","DBSCAN","1","1010","NA","1.4653","1.4655","OK","2026-07-12 06:37:01"
"d","1000","1000","1000","DBSCAN","2","2010","NA","1.3873","1.3874","OK","2026-07-12 06:37:40"
"d","1000","1000","1000","DBSCAN","3","3010","NA","1.35","1.3501","OK","2026-07-12 06:38:19"
"d","1000","1000","1000","DBSCAN","4","4010","NA","1.4191","1.4193","OK","2026-07-12 06:38:59"
"d","1000","1000","1000","DBSCAN","5","5010","NA","1.3948","1.395","OK","2026-07-12 06:39:39"
"d","1000","1000","1000","DBSCAN","6","6010","NA","1.5817","1.5819","OK","2026-07-12 06:40:18"
"d","1000","1000","1000","DBSCAN","7","7010","NA","1.4998","1.5","OK","2026-07-12 06:40:57"
"d","1000","1000","1000","DBSCAN","8","8010","NA","1.5232","1.5233","OK","2026-07-12 06:41:36"
"d","1000","1000","1000","DBSCAN","9","9010","NA","1.4149","1.415","OK","2026-07-12 06:42:15"
"d","1000","1000","1000","DBSCAN","10","10010","NA","1.3741","1.3742","OK","2026-07-12 06:42:55"
"d","1000","1000","1000","MST","1","1010","NA","3.0066","3.0067","OK","2026-07-12 06:43:36"
"d","1000","1000","1000","MST","2","2010","NA","3.1156","3.1157","OK","2026-07-12 06:44:17"
"d","1000","1000","1000","MST","3","3010","NA","3.0393","3.0394","OK","2026-07-12 06:44:58"
"d","1000","1000","1000","MST","4","4010","NA","3.1761","3.1762","OK","2026-07-12 06:45:39"
"d","1000","1000","1000","MST","5","5010","NA","3.0569","3.057","OK","2026-07-12 06:46:20"
"d","1000","1000","1000","MST","6","6010","NA","3.1404","3.1404","OK","2026-07-12 06:47:01"
"d","1000","1000","1000","MST","7","7010","NA","3.1149","3.115","OK","2026-07-12 06:47:41"
"d","1000","1000","1000","MST","8","8010","NA","3.1392","3.1393","OK","2026-07-12 06:48:22"
"d","1000","1000","1000","MST","9","9010","NA","3.2093","3.2098","OK","2026-07-12 06:49:03"
"d","1000","1000","1000","MST","10","10010","NA","3.2267","3.2268","OK","2026-07-12 06:49:44"
"d","1000","1000","1000","ODIN","1","1010","NA","0.2605","0.2606","OK","2026-07-12 06:50:21"
"d","1000","1000","1000","ODIN","2","2010","NA","0.3206","0.3208","OK","2026-07-12 06:51:00"
"d","1000","1000","1000","ODIN","3","3010","NA","0.3237","0.3238","OK","2026-07-12 06:51:38"
"d","1000","1000","1000","ODIN","4","4010","NA","0.3087","0.3088","OK","2026-07-12 06:52:15"
"d","1000","1000","1000","ODIN","5","5010","NA","0.3276","0.3277","OK","2026-07-12 06:52:53"
"d","1000","1000","1000","ODIN","6","6010","NA","0.3251","0.3253","OK","2026-07-12 06:53:32"
"d","1000","1000","1000","ODIN","7","7010","NA","0.3106","0.3108","OK","2026-07-12 06:54:10"
"d","1000","1000","1000","ODIN","8","8010","NA","0.2594","0.2595","OK","2026-07-12 06:54:48"
"d","1000","1000","1000","ODIN","9","9010","NA","0.2714","0.2715","OK","2026-07-12 06:55:26"
"d","1000","1000","1000","ODIN","10","10010","NA","0.3252","0.3254","OK","2026-07-12 06:56:04"
"d","1000","1000","1000","iForest","1","1010","NA","0.1206","0.1207","OK","2026-07-12 06:56:41"
"d","1000","1000","1000","iForest","2","2010","NA","0.1146","0.1147","OK","2026-07-12 06:57:18"
"d","1000","1000","1000","iForest","3","3010","NA","0.126","0.1261","OK","2026-07-12 06:57:57"
"d","1000","1000","1000","iForest","4","4010","NA","0.1231","0.1233","OK","2026-07-12 06:58:34"
"d","1000","1000","1000","iForest","5","5010","NA","0.1242","0.1243","OK","2026-07-12 06:59:13"
"d","1000","1000","1000","iForest","6","6010","NA","0.1198","0.1199","OK","2026-07-12 06:59:51"
"d","1000","1000","1000","iForest","7","7010","NA","0.1216","0.1217","OK","2026-07-12 07:00:28"
"d","1000","1000","1000","iForest","8","8010","NA","0.1247","0.1248","OK","2026-07-12 07:01:06"
"d","1000","1000","1000","iForest","9","9010","NA","0.1222","0.1224","OK","2026-07-12 07:01:44"
"d","1000","1000","1000","iForest","10","10010","NA","0.1249","0.125","OK","2026-07-12 07:02:22"
"d","1000","1000","1000","RKCCD-OOS","0","NA","NA","NA","NA","SKIPPED_NO_TABLE","2026-07-12 07:02:22"
"d","1000","1000","1000","RKCCD-IOS","0","NA","NA","NA","NA","SKIPPED_NO_TABLE","2026-07-12 07:02:22"
"d","1000","1000","1000","UNCCD-OOS","0","NA","NA","NA","NA","SKIPPED_NO_TABLE","2026-07-12 07:02:22"
"d","1000","1000","1000","UNCCD-IOS","0","NA","NA","NA","NA","SKIPPED_NO_TABLE","2026-07-12 07:02:22"
"d","10",1000,10,"RKCCD-OOS",1,1006,9.1771,9.342,32.5185,"OK","2026-07-18 12:39:35"
"d","10",1000,10,"RKCCD-OOS",2,2006,9.0269,9.1496,20.8906,"OK","2026-07-18 12:39:56"
"d","10",1000,10,"RKCCD-OOS",3,3006,9.0654,9.1904,20.9605,"OK","2026-07-18 12:40:17"
"d","10",1000,10,"RKCCD-OOS",4,4006,8.4326,8.9157,20.0473,"OK","2026-07-18 12:40:37"
"d","10",1000,10,"RKCCD-OOS",5,5006,8.7845,8.6888,20.1717,"OK","2026-07-18 12:40:57"
"d","10",1000,10,"RKCCD-OOS",6,6006,9.2248,9.3478,21.2737,"OK","2026-07-18 12:41:18"
"d","10",1000,10,"RKCCD-OOS",7,7006,9.3015,9.5113,21.5093,"OK","2026-07-18 12:41:40"
"d","10",1000,10,"RKCCD-OOS",8,8006,8.495,8.6779,19.9053,"OK","2026-07-18 12:42:00"
"d","10",1000,10,"RKCCD-OOS",9,9006,9.0307,9.1951,20.9577,"OK","2026-07-18 12:42:21"
"d","10",1000,10,"RKCCD-OOS",10,10006,8.6649,8.8532,20.2735,"OK","2026-07-18 12:42:41"
"d","10",1000,10,"RKCCD-IOS",1,1006,9.1329,9.1631,21.0102,"OK","2026-07-18 12:43:02"
"d","10",1000,10,"RKCCD-IOS",2,2006,8.8539,9.0414,20.6083,"OK","2026-07-18 12:43:23"
"d","10",1000,10,"RKCCD-IOS",3,3006,9.1746,9.4635,21.3477,"OK","2026-07-18 12:43:44"
"d","10",1000,10,"RKCCD-IOS",4,4006,8.6989,8.8297,20.25,"OK","2026-07-18 12:44:05"
"d","10",1000,10,"RKCCD-IOS",5,5006,8.7845,8.9026,20.3673,"OK","2026-07-18 12:44:25"
"d","10",1000,10,"RKCCD-IOS",6,6006,9.2033,9.4246,21.3536,"OK","2026-07-18 12:44:47"
"d","10",1000,10,"RKCCD-IOS",7,7006,9.6714,9.8272,22.2042,"OK","2026-07-18 12:45:09"
"d","10",1000,10,"RKCCD-IOS",8,8006,8.3179,8.567,19.5772,"OK","2026-07-18 12:45:29"
"d","10",1000,10,"RKCCD-IOS",9,9006,9.2843,8.953,20.9401,"OK","2026-07-18 12:45:50"
"d","10",1000,10,"RKCCD-IOS",10,10006,8.5818,8.642,19.9229,"OK","2026-07-18 12:46:10"
"n","2000",2000,20,"RKCCD-OOS",1,1004,61.5167,61.8531,133.0486,"OK","2026-07-18 12:48:23"
"n","2000",2000,20,"RKCCD-OOS",2,2004,60.65,61.8094,124.4518,"OK","2026-07-18 12:50:28"
"n","2000",2000,20,"RKCCD-OOS",3,3004,61.2076,61.7688,124.9498,"OK","2026-07-18 12:52:33"
"n","2000",2000,20,"RKCCD-OOS",4,4004,61.415,62.7951,126.2082,"OK","2026-07-18 12:54:39"
"n","2000",2000,20,"RKCCD-OOS",5,5004,61.0616,61.31,124.3789,"OK","2026-07-18 12:56:44"
"n","2000",2000,20,"RKCCD-OOS",6,6004,61.0928,63.0824,126.1755,"OK","2026-07-18 12:58:50"
"n","2000",2000,20,"RKCCD-OOS",7,7004,62.1891,61.9379,126.1376,"OK","2026-07-18 13:00:56"
"n","2000",2000,20,"RKCCD-OOS",8,8004,60.4046,61.6608,124.0674,"OK","2026-07-18 13:03:00"
"n","2000",2000,20,"RKCCD-OOS",9,9004,61.6999,62.0923,125.7958,"OK","2026-07-18 13:05:06"
"n","2000",2000,20,"RKCCD-OOS",10,10004,61.9236,61.9038,125.8156,"OK","2026-07-18 13:07:12"
"n","2000",2000,20,"RKCCD-IOS",1,1004,61.2147,61.6395,124.857,"OK","2026-07-18 13:09:17"
"n","2000",2000,20,"RKCCD-IOS",2,2004,60.728,61.9574,124.6901,"OK","2026-07-18 13:11:22"
"n","2000",2000,20,"RKCCD-IOS",3,3004,60.4633,61.7166,124.1724,"OK","2026-07-18 13:13:26"
"n","2000",2000,20,"RKCCD-IOS",4,4004,61.8743,62.3037,126.1841,"OK","2026-07-18 13:15:32"
"n","2000",2000,20,"RKCCD-IOS",5,5004,63.773,63.9849,129.762,"OK","2026-07-18 13:17:42"
"n","2000",2000,20,"RKCCD-IOS",6,6004,61.2283,62.1829,125.4465,"OK","2026-07-18 13:19:48"
"n","2000",2000,20,"RKCCD-IOS",7,7004,61.2775,61.7229,124.9959,"OK","2026-07-18 13:21:53"
"n","2000",2000,20,"RKCCD-IOS",8,8004,60.4384,62.2406,124.6999,"OK","2026-07-18 13:23:58"
"n","2000",2000,20,"RKCCD-IOS",9,9004,61.7504,62.1434,125.8893,"OK","2026-07-18 13:26:04"
"n","2000",2000,20,"RKCCD-IOS",10,10004,61.4908,62.6963,126.1816,"OK","2026-07-18 13:28:10"
"n","500",500,20,"UNCCD-OOS",1,1002,281.8905,278.6474,560.5563,"OK","2026-07-18 13:37:31"
"n","500",500,20,"UNCCD-OOS",2,2002,NA,282.9841,282.9922,"OK_NOCONSTRUCT","2026-07-18 13:42:14"
"n","500",500,20,"UNCCD-OOS",3,3002,NA,277.0934,277.0942,"OK_NOCONSTRUCT","2026-07-18 13:46:51"
"n","500",500,20,"UNCCD-OOS",4,4002,NA,280.6493,280.6503,"OK_NOCONSTRUCT","2026-07-18 13:51:32"
"n","500",500,20,"UNCCD-OOS",5,5002,NA,280.848,280.8488,"OK_NOCONSTRUCT","2026-07-18 13:56:13"
"n","500",500,20,"UNCCD-OOS",6,6002,NA,283.001,283.002,"OK_NOCONSTRUCT","2026-07-18 14:00:56"
"n","500",500,20,"UNCCD-OOS",7,7002,NA,281.0148,281.0158,"OK_NOCONSTRUCT","2026-07-18 14:05:37"
"n","500",500,20,"UNCCD-OOS",8,8002,NA,286.9516,286.9526,"OK_NOCONSTRUCT","2026-07-18 14:10:24"
"n","500",500,20,"UNCCD-OOS",9,9002,NA,286.1864,286.1922,"OK_NOCONSTRUCT","2026-07-18 14:15:10"
"n","500",500,20,"UNCCD-OOS",10,10002,NA,288.2103,288.2113,"OK_NOCONSTRUCT","2026-07-18 14:19:58"
"n","500",500,20,"UNCCD-IOS",1,1002,288.0516,292.9799,581.036,"OK","2026-07-18 14:29:39"
"n","500",500,20,"UNCCD-IOS",2,2002,NA,298.9701,298.9709,"OK_NOCONSTRUCT","2026-07-18 14:34:38"
"n","500",500,20,"UNCCD-IOS",3,3002,NA,286.2008,286.2017,"OK_NOCONSTRUCT","2026-07-18 14:39:25"
"n","500",500,20,"UNCCD-IOS",4,4002,NA,283.1723,283.173,"OK_NOCONSTRUCT","2026-07-18 14:44:08"
"n","500",500,20,"UNCCD-IOS",5,5002,NA,290.7908,290.7916,"OK_NOCONSTRUCT","2026-07-18 14:48:59"
"n","500",500,20,"UNCCD-IOS",6,6002,NA,285.4151,285.4159,"OK_NOCONSTRUCT","2026-07-18 14:53:44"
"n","500",500,20,"UNCCD-IOS",7,7002,NA,284.5225,284.5233,"OK_NOCONSTRUCT","2026-07-18 14:58:29"
"n","500",500,20,"UNCCD-IOS",8,8002,NA,286.9548,286.9558,"OK_NOCONSTRUCT","2026-07-18 15:03:16"
"n","500",500,20,"UNCCD-IOS",9,9002,NA,287.0675,287.0686,"OK_NOCONSTRUCT","2026-07-18 15:08:03"
"n","500",500,20,"UNCCD-IOS",10,10002,NA,285.9539,285.955,"OK_NOCONSTRUCT","2026-07-18 15:12:49"
