"script","setting_key","d","method","true_k","k_hat","n_reps_at_this_khat"
85,"gaussian_d10",10,"DBSCAN",2,2,100
85,"gaussian_d10",10,"HDBSCAN",2,2,100
85,"gaussian_d10",10,"SU-MCCD",2,1,2
85,"gaussian_d10",10,"SU-MCCD",2,2,91
85,"gaussian_d10",10,"SU-MCCD",2,3,7
85,"gaussian_d10",10,"SUN-MCCD",2,2,100
85,"gaussian_d10",10,"U-MCCD",2,2,92
85,"gaussian_d10",10,"U-MCCD",2,3,8
85,"gaussian_d10",10,"UN-MCCD",2,2,100
85,"gaussian_d3",3,"DBSCAN",2,1,1
85,"gaussian_d3",3,"DBSCAN",2,2,99
85,"gaussian_d3",3,"HDBSCAN",2,2,100
85,"gaussian_d3",3,"SU-MCCD",2,2,100
85,"gaussian_d3",3,"SUN-MCCD",2,2,100
85,"gaussian_d3",3,"U-MCCD",2,2,100
85,"gaussian_d3",3,"UN-MCCD",2,2,99
85,"gaussian_d3",3,"UN-MCCD",2,3,1
85,"uniform_d10",10,"DBSCAN",2,1,1
85,"uniform_d10",10,"DBSCAN",2,2,99
85,"uniform_d10",10,"HDBSCAN",2,2,100
85,"uniform_d10",10,"SU-MCCD",2,2,92
85,"uniform_d10",10,"SU-MCCD",2,3,8
85,"uniform_d10",10,"SUN-MCCD",2,2,100
85,"uniform_d10",10,"U-MCCD",2,2,92
85,"uniform_d10",10,"U-MCCD",2,3,8
85,"uniform_d10",10,"UN-MCCD",2,2,99
85,"uniform_d10",10,"UN-MCCD",2,3,1
85,"uniform_d3",3,"DBSCAN",2,1,1
85,"uniform_d3",3,"DBSCAN",2,2,99
85,"uniform_d3",3,"HDBSCAN",2,2,100
85,"uniform_d3",3,"SU-MCCD",2,2,100
85,"uniform_d3",3,"SUN-MCCD",2,2,100
85,"uniform_d3",3,"U-MCCD",2,2,97
85,"uniform_d3",3,"U-MCCD",2,3,3
85,"uniform_d3",3,"UN-MCCD",2,2,96
85,"uniform_d3",3,"UN-MCCD",2,3,4
86,"bridge_d10",10,"DBSCAN",2,1,92
86,"bridge_d10",10,"DBSCAN",2,2,8
86,"bridge_d10",10,"HDBSCAN",2,1,1
86,"bridge_d10",10,"HDBSCAN",2,2,49
86,"bridge_d10",10,"HDBSCAN",2,3,43
86,"bridge_d10",10,"HDBSCAN",2,4,7
86,"bridge_d10",10,"SU-MCCD",2,2,89
86,"bridge_d10",10,"SU-MCCD",2,3,10
86,"bridge_d10",10,"SU-MCCD",2,4,1
86,"bridge_d10",10,"SUN-MCCD",2,2,100
86,"bridge_d10",10,"U-MCCD",2,2,89
86,"bridge_d10",10,"U-MCCD",2,3,10
86,"bridge_d10",10,"U-MCCD",2,4,1
86,"bridge_d10",10,"UN-MCCD",2,2,100
86,"bridge_d3",3,"DBSCAN",2,1,93
86,"bridge_d3",3,"DBSCAN",2,2,7
86,"bridge_d3",3,"HDBSCAN",2,2,36
86,"bridge_d3",3,"HDBSCAN",2,3,18
86,"bridge_d3",3,"HDBSCAN",2,4,14
86,"bridge_d3",3,"HDBSCAN",2,5,15
86,"bridge_d3",3,"HDBSCAN",2,6,9
86,"bridge_d3",3,"HDBSCAN",2,7,4
86,"bridge_d3",3,"HDBSCAN",2,8,2
86,"bridge_d3",3,"HDBSCAN",2,9,2
86,"bridge_d3",3,"SU-MCCD",2,2,100
86,"bridge_d3",3,"SUN-MCCD",2,2,100
86,"bridge_d3",3,"U-MCCD",2,2,100
86,"bridge_d3",3,"UN-MCCD",2,2,100
86,"collective_d10",10,"DBSCAN",2,2,100
86,"collective_d10",10,"HDBSCAN",2,2,100
86,"collective_d10",10,"SU-MCCD",2,2,88
86,"collective_d10",10,"SU-MCCD",2,3,12
86,"collective_d10",10,"SUN-MCCD",2,2,100
86,"collective_d10",10,"U-MCCD",2,2,88
86,"collective_d10",10,"U-MCCD",2,3,12
86,"collective_d10",10,"UN-MCCD",2,2,99
86,"collective_d10",10,"UN-MCCD",2,3,1
86,"collective_d3",3,"DBSCAN",2,1,4
86,"collective_d3",3,"DBSCAN",2,2,96
86,"collective_d3",3,"HDBSCAN",2,2,98
86,"collective_d3",3,"HDBSCAN",2,5,1
86,"collective_d3",3,"HDBSCAN",2,6,1
86,"collective_d3",3,"SU-MCCD",2,2,100
86,"collective_d3",3,"SUN-MCCD",2,2,100
86,"collective_d3",3,"U-MCCD",2,2,100
86,"collective_d3",3,"UN-MCCD",2,2,100
86,"local_interior_d10",10,"DBSCAN",2,1,1
86,"local_interior_d10",10,"DBSCAN",2,2,99
86,"local_interior_d10",10,"HDBSCAN",2,2,100
86,"local_interior_d10",10,"SU-MCCD",2,1,13
86,"local_interior_d10",10,"SU-MCCD",2,2,77
86,"local_interior_d10",10,"SU-MCCD",2,3,10
86,"local_interior_d10",10,"SUN-MCCD",2,2,98
86,"local_interior_d10",10,"SUN-MCCD",2,3,2
86,"local_interior_d10",10,"U-MCCD",2,2,79
86,"local_interior_d10",10,"U-MCCD",2,3,17
86,"local_interior_d10",10,"U-MCCD",2,4,4
86,"local_interior_d10",10,"UN-MCCD",2,2,96
86,"local_interior_d10",10,"UN-MCCD",2,3,3
86,"local_interior_d10",10,"UN-MCCD",2,4,1
86,"local_interior_d3",3,"DBSCAN",2,2,100
86,"local_interior_d3",3,"HDBSCAN",2,2,100
86,"local_interior_d3",3,"SU-MCCD",2,2,100
86,"local_interior_d3",3,"SUN-MCCD",2,2,100
86,"local_interior_d3",3,"U-MCCD",2,2,100
86,"local_interior_d3",3,"UN-MCCD",2,2,100
86,"local_shell_d10",10,"DBSCAN",2,2,100
86,"local_shell_d10",10,"HDBSCAN",2,2,100
86,"local_shell_d10",10,"SU-MCCD",2,2,91
86,"local_shell_d10",10,"SU-MCCD",2,3,8
86,"local_shell_d10",10,"SU-MCCD",2,4,1
86,"local_shell_d10",10,"SUN-MCCD",2,2,100
86,"local_shell_d10",10,"U-MCCD",2,2,91
86,"local_shell_d10",10,"U-MCCD",2,3,8
86,"local_shell_d10",10,"U-MCCD",2,4,1
86,"local_shell_d10",10,"UN-MCCD",2,2,100
86,"local_shell_d3",3,"DBSCAN",2,2,100
86,"local_shell_d3",3,"HDBSCAN",2,2,100
86,"local_shell_d3",3,"SU-MCCD",2,2,100
86,"local_shell_d3",3,"SUN-MCCD",2,2,100
86,"local_shell_d3",3,"U-MCCD",2,2,100
86,"local_shell_d3",3,"UN-MCCD",2,2,100
87,"10",3,"DBSCAN",3,3,100
87,"10",3,"HDBSCAN",3,3,100
87,"10",3,"SU-MCCD",3,2,26
87,"10",3,"SU-MCCD",3,3,24
87,"10",3,"SUN-MCCD",3,2,55
87,"10",3,"SUN-MCCD",3,3,45
87,"10",3,"U-MCCD",3,2,11
87,"10",3,"U-MCCD",3,3,39
87,"10",3,"UN-MCCD",3,2,30
87,"10",3,"UN-MCCD",3,3,70
87,"10",10,"DBSCAN",3,3,100
87,"10",10,"HDBSCAN",3,3,100
87,"10",10,"SU-MCCD",3,2,48
87,"10",10,"SU-MCCD",3,3,2
87,"10",10,"SUN-MCCD",3,2,99
87,"10",10,"SUN-MCCD",3,3,1
87,"10",10,"U-MCCD",3,2,48
87,"10",10,"U-MCCD",3,3,2
87,"10",10,"UN-MCCD",3,2,100
87,"12",3,"DBSCAN",3,3,100
87,"12",3,"HDBSCAN",3,3,100
87,"12",3,"SU-MCCD",3,2,10
87,"12",3,"SU-MCCD",3,3,40
87,"12",3,"SUN-MCCD",3,2,35
87,"12",3,"SUN-MCCD",3,3,65
87,"12",3,"U-MCCD",3,2,7
87,"12",3,"U-MCCD",3,3,43
87,"12",3,"UN-MCCD",3,2,22
87,"12",3,"UN-MCCD",3,3,78
87,"12",10,"DBSCAN",3,2,1
87,"12",10,"DBSCAN",3,3,99
87,"12",10,"HDBSCAN",3,2,1
87,"12",10,"HDBSCAN",3,3,99
87,"12",10,"SU-MCCD",3,2,46
87,"12",10,"SU-MCCD",3,3,4
87,"12",10,"SUN-MCCD",3,2,92
87,"12",10,"SUN-MCCD",3,3,8
87,"12",10,"U-MCCD",3,2,46
87,"12",10,"U-MCCD",3,3,4
87,"12",10,"UN-MCCD",3,2,96
87,"12",10,"UN-MCCD",3,3,4
87,"15",3,"DBSCAN",3,2,1
87,"15",3,"DBSCAN",3,3,99
87,"15",3,"HDBSCAN",3,3,100
87,"15",3,"SU-MCCD",3,2,6
87,"15",3,"SU-MCCD",3,3,44
87,"15",3,"SUN-MCCD",3,2,22
87,"15",3,"SUN-MCCD",3,3,78
87,"15",3,"U-MCCD",3,2,5
87,"15",3,"U-MCCD",3,3,45
87,"15",3,"UN-MCCD",3,2,17
87,"15",3,"UN-MCCD",3,3,83
87,"15",10,"DBSCAN",3,3,100
87,"15",10,"HDBSCAN",3,3,100
87,"15",10,"SU-MCCD",3,2,46
87,"15",10,"SU-MCCD",3,3,4
87,"15",10,"SUN-MCCD",3,2,84
87,"15",10,"SUN-MCCD",3,3,16
87,"15",10,"U-MCCD",3,2,46
87,"15",10,"U-MCCD",3,3,4
87,"15",10,"UN-MCCD",3,2,87
87,"15",10,"UN-MCCD",3,3,13
87,"2",3,"DBSCAN",3,1,100
87,"2",3,"HDBSCAN",3,2,100
87,"2",3,"SU-MCCD",3,2,50
87,"2",3,"SUN-MCCD",3,2,100
87,"2",3,"U-MCCD",3,2,49
87,"2",3,"U-MCCD",3,3,1
87,"2",3,"UN-MCCD",3,2,100
87,"2",10,"DBSCAN",3,1,100
87,"2",10,"HDBSCAN",3,2,100
87,"2",10,"SU-MCCD",3,2,42
87,"2",10,"SU-MCCD",3,3,8
87,"2",10,"SUN-MCCD",3,2,100
87,"2",10,"U-MCCD",3,2,42
87,"2",10,"U-MCCD",3,3,8
87,"2",10,"UN-MCCD",3,2,100
87,"20",3,"DBSCAN",3,2,1
87,"20",3,"DBSCAN",3,3,99
87,"20",3,"HDBSCAN",3,3,100
87,"20",3,"SU-MCCD",3,3,50
87,"20",3,"SUN-MCCD",3,2,8
87,"20",3,"SUN-MCCD",3,3,91
87,"20",3,"SUN-MCCD",3,5,1
87,"20",3,"U-MCCD",3,3,50
87,"20",3,"UN-MCCD",3,2,8
87,"20",3,"UN-MCCD",3,3,91
87,"20",3,"UN-MCCD",3,5,1
87,"20",10,"DBSCAN",3,2,1
87,"20",10,"DBSCAN",3,3,99
87,"20",10,"HDBSCAN",3,3,100
87,"20",10,"SU-MCCD",3,2,44
87,"20",10,"SU-MCCD",3,3,6
87,"20",10,"SUN-MCCD",3,2,59
87,"20",10,"SUN-MCCD",3,3,41
87,"20",10,"U-MCCD",3,2,44
87,"20",10,"U-MCCD",3,3,6
87,"20",10,"UN-MCCD",3,2,82
87,"20",10,"UN-MCCD",3,3,18
87,"4",3,"DBSCAN",3,1,100
87,"4",3,"HDBSCAN",3,2,100
87,"4",3,"SU-MCCD",3,2,50
87,"4",3,"SUN-MCCD",3,2,100
87,"4",3,"U-MCCD",3,2,39
87,"4",3,"U-MCCD",3,3,11
87,"4",3,"UN-MCCD",3,2,80
87,"4",3,"UN-MCCD",3,3,20
87,"4",10,"DBSCAN",3,1,100
87,"4",10,"HDBSCAN",3,2,100
87,"4",10,"SU-MCCD",3,2,46
87,"4",10,"SU-MCCD",3,3,4
87,"4",10,"SUN-MCCD",3,2,100
87,"4",10,"U-MCCD",3,2,46
87,"4",10,"U-MCCD",3,3,4
87,"4",10,"UN-MCCD",3,2,100
87,"6",3,"DBSCAN",3,3,100
87,"6",3,"HDBSCAN",3,2,2
87,"6",3,"HDBSCAN",3,3,98
87,"6",3,"SU-MCCD",3,2,50
87,"6",3,"SUN-MCCD",3,2,100
87,"6",3,"U-MCCD",3,2,17
87,"6",3,"U-MCCD",3,3,33
87,"6",3,"UN-MCCD",3,2,60
87,"6",3,"UN-MCCD",3,3,40
87,"6",10,"DBSCAN",3,3,100
87,"6",10,"HDBSCAN",3,3,100
87,"6",10,"SU-MCCD",3,2,43
87,"6",10,"SU-MCCD",3,3,7
87,"6",10,"SUN-MCCD",3,2,100
87,"6",10,"U-MCCD",3,2,43
87,"6",10,"U-MCCD",3,3,7
87,"6",10,"UN-MCCD",3,2,100
87,"8",3,"DBSCAN",3,2,2
87,"8",3,"DBSCAN",3,3,98
87,"8",3,"HDBSCAN",3,2,2
87,"8",3,"HDBSCAN",3,3,98
87,"8",3,"SU-MCCD",3,2,50
87,"8",3,"SUN-MCCD",3,2,100
87,"8",3,"U-MCCD",3,2,17
87,"8",3,"U-MCCD",3,3,33
87,"8",3,"UN-MCCD",3,2,43
87,"8",3,"UN-MCCD",3,3,57
87,"8",10,"DBSCAN",3,3,100
87,"8",10,"HDBSCAN",3,2,1
87,"8",10,"HDBSCAN",3,3,99
87,"8",10,"SU-MCCD",3,2,46
87,"8",10,"SU-MCCD",3,3,4
87,"8",10,"SUN-MCCD",3,2,100
87,"8",10,"U-MCCD",3,2,46
87,"8",10,"U-MCCD",3,3,4
87,"8",10,"UN-MCCD",3,2,99
87,"8",10,"UN-MCCD",3,3,1
88,"beta_gradient_d10",10,"DBSCAN",1,1,100
88,"beta_gradient_d10",10,"HDBSCAN",1,2,27
88,"beta_gradient_d10",10,"SU-MCCD",1,2,39
88,"beta_gradient_d10",10,"SU-MCCD",1,3,1
88,"beta_gradient_d10",10,"SUN-MCCD",1,1,10
88,"beta_gradient_d10",10,"SUN-MCCD",1,2,87
88,"beta_gradient_d10",10,"SUN-MCCD",1,3,1
88,"beta_gradient_d10",10,"SUN-MCCD",1,4,1
88,"beta_gradient_d10",10,"SUN-MCCD",1,5,1
88,"beta_gradient_d10",10,"U-MCCD",1,2,33
88,"beta_gradient_d10",10,"U-MCCD",1,3,2
88,"beta_gradient_d10",10,"U-MCCD",1,4,2
88,"beta_gradient_d10",10,"U-MCCD",1,6,1
88,"beta_gradient_d10",10,"U-MCCD",1,11,1
88,"beta_gradient_d10",10,"U-MCCD",1,19,1
88,"beta_gradient_d10",10,"UN-MCCD",1,2,86
88,"beta_gradient_d10",10,"UN-MCCD",1,3,7
88,"beta_gradient_d10",10,"UN-MCCD",1,4,2
88,"beta_gradient_d10",10,"UN-MCCD",1,5,1
88,"beta_gradient_d10",10,"UN-MCCD",1,7,1
88,"beta_gradient_d10",10,"UN-MCCD",1,8,1
88,"beta_gradient_d10",10,"UN-MCCD",1,9,1
88,"beta_gradient_d10",10,"UN-MCCD",1,10,1
88,"beta_gradient_d3",3,"DBSCAN",1,1,100
88,"beta_gradient_d3",3,"HDBSCAN",1,2,54
88,"beta_gradient_d3",3,"HDBSCAN",1,3,26
88,"beta_gradient_d3",3,"HDBSCAN",1,4,13
88,"beta_gradient_d3",3,"HDBSCAN",1,5,4
88,"beta_gradient_d3",3,"HDBSCAN",1,6,1
88,"beta_gradient_d3",3,"SU-MCCD",1,2,33
88,"beta_gradient_d3",3,"SU-MCCD",1,3,4
88,"beta_gradient_d3",3,"SU-MCCD",1,4,3
88,"beta_gradient_d3",3,"SUN-MCCD",1,1,33
88,"beta_gradient_d3",3,"SUN-MCCD",1,2,58
88,"beta_gradient_d3",3,"SUN-MCCD",1,3,6
88,"beta_gradient_d3",3,"SUN-MCCD",1,4,2
88,"beta_gradient_d3",3,"SUN-MCCD",1,6,1
88,"beta_gradient_d3",3,"U-MCCD",1,2,33
88,"beta_gradient_d3",3,"U-MCCD",1,3,3
88,"beta_gradient_d3",3,"U-MCCD",1,4,3
88,"beta_gradient_d3",3,"U-MCCD",1,5,1
88,"beta_gradient_d3",3,"UN-MCCD",1,1,2
88,"beta_gradient_d3",3,"UN-MCCD",1,2,83
88,"beta_gradient_d3",3,"UN-MCCD",1,3,6
88,"beta_gradient_d3",3,"UN-MCCD",1,4,6
88,"beta_gradient_d3",3,"UN-MCCD",1,6,1
88,"beta_gradient_d3",3,"UN-MCCD",1,7,1
88,"beta_gradient_d3",3,"UN-MCCD",1,9,1
88,"gauss_equal_d10",10,"DBSCAN",1,1,100
88,"gauss_equal_d10",10,"HDBSCAN",1,2,18
88,"gauss_equal_d10",10,"SU-MCCD",1,1,6
88,"gauss_equal_d10",10,"SU-MCCD",1,2,33
88,"gauss_equal_d10",10,"SU-MCCD",1,3,1
88,"gauss_equal_d10",10,"SUN-MCCD",1,1,20
88,"gauss_equal_d10",10,"SUN-MCCD",1,2,80
88,"gauss_equal_d10",10,"U-MCCD",1,2,35
88,"gauss_equal_d10",10,"U-MCCD",1,3,2
88,"gauss_equal_d10",10,"U-MCCD",1,4,1
88,"gauss_equal_d10",10,"U-MCCD",1,7,1
88,"gauss_equal_d10",10,"U-MCCD",1,17,1
88,"gauss_equal_d10",10,"UN-MCCD",1,2,95
88,"gauss_equal_d10",10,"UN-MCCD",1,3,3
88,"gauss_equal_d10",10,"UN-MCCD",1,5,1
88,"gauss_equal_d10",10,"UN-MCCD",1,6,1
88,"gauss_equal_d3",3,"DBSCAN",1,1,100
88,"gauss_equal_d3",3,"HDBSCAN",1,2,63
88,"gauss_equal_d3",3,"HDBSCAN",1,3,17
88,"gauss_equal_d3",3,"HDBSCAN",1,4,10
88,"gauss_equal_d3",3,"HDBSCAN",1,5,5
88,"gauss_equal_d3",3,"HDBSCAN",1,6,1
88,"gauss_equal_d3",3,"SU-MCCD",1,1,1
88,"gauss_equal_d3",3,"SU-MCCD",1,2,35
88,"gauss_equal_d3",3,"SU-MCCD",1,3,1
88,"gauss_equal_d3",3,"SU-MCCD",1,4,3
88,"gauss_equal_d3",3,"SUN-MCCD",1,1,42
88,"gauss_equal_d3",3,"SUN-MCCD",1,2,52
88,"gauss_equal_d3",3,"SUN-MCCD",1,3,6
88,"gauss_equal_d3",3,"U-MCCD",1,2,35
88,"gauss_equal_d3",3,"U-MCCD",1,3,1
88,"gauss_equal_d3",3,"U-MCCD",1,4,2
88,"gauss_equal_d3",3,"U-MCCD",1,5,1
88,"gauss_equal_d3",3,"U-MCCD",1,6,1
88,"gauss_equal_d3",3,"UN-MCCD",1,1,1
88,"gauss_equal_d3",3,"UN-MCCD",1,2,92
88,"gauss_equal_d3",3,"UN-MCCD",1,3,6
88,"gauss_equal_d3",3,"UN-MCCD",1,9,1
88,"gauss_unequal_d10",10,"DBSCAN",1,1,100
88,"gauss_unequal_d10",10,"HDBSCAN",1,2,31
88,"gauss_unequal_d10",10,"HDBSCAN",1,3,4
88,"gauss_unequal_d10",10,"SU-MCCD",1,1,2
88,"gauss_unequal_d10",10,"SU-MCCD",1,2,35
88,"gauss_unequal_d10",10,"SU-MCCD",1,3,3
88,"gauss_unequal_d10",10,"SUN-MCCD",1,2,94
88,"gauss_unequal_d10",10,"SUN-MCCD",1,3,4
88,"gauss_unequal_d10",10,"SUN-MCCD",1,4,1
88,"gauss_unequal_d10",10,"SUN-MCCD",1,5,1
88,"gauss_unequal_d10",10,"U-MCCD",1,2,35
88,"gauss_unequal_d10",10,"U-MCCD",1,3,3
88,"gauss_unequal_d10",10,"U-MCCD",1,8,1
88,"gauss_unequal_d10",10,"U-MCCD",1,10,1
88,"gauss_unequal_d10",10,"UN-MCCD",1,2,89
88,"gauss_unequal_d10",10,"UN-MCCD",1,3,4
88,"gauss_unequal_d10",10,"UN-MCCD",1,4,2
88,"gauss_unequal_d10",10,"UN-MCCD",1,5,2
88,"gauss_unequal_d10",10,"UN-MCCD",1,6,1
88,"gauss_unequal_d10",10,"UN-MCCD",1,7,1
88,"gauss_unequal_d10",10,"UN-MCCD",1,10,1
88,"gauss_unequal_d3",3,"DBSCAN",1,1,100
88,"gauss_unequal_d3",3,"HDBSCAN",1,2,45
88,"gauss_unequal_d3",3,"HDBSCAN",1,3,22
88,"gauss_unequal_d3",3,"HDBSCAN",1,4,19
88,"gauss_unequal_d3",3,"HDBSCAN",1,5,10
88,"gauss_unequal_d3",3,"HDBSCAN",1,6,4
88,"gauss_unequal_d3",3,"SU-MCCD",1,2,38
88,"gauss_unequal_d3",3,"SU-MCCD",1,3,1
88,"gauss_unequal_d3",3,"SU-MCCD",1,4,1
88,"gauss_unequal_d3",3,"SUN-MCCD",1,2,95
88,"gauss_unequal_d3",3,"SUN-MCCD",1,3,1
88,"gauss_unequal_d3",3,"SUN-MCCD",1,4,3
88,"gauss_unequal_d3",3,"SUN-MCCD",1,5,1
88,"gauss_unequal_d3",3,"U-MCCD",1,2,38
88,"gauss_unequal_d3",3,"U-MCCD",1,3,1
88,"gauss_unequal_d3",3,"U-MCCD",1,4,1
88,"gauss_unequal_d3",3,"UN-MCCD",1,2,95
88,"gauss_unequal_d3",3,"UN-MCCD",1,3,1
88,"gauss_unequal_d3",3,"UN-MCCD",1,4,2
88,"gauss_unequal_d3",3,"UN-MCCD",1,5,2
88,"uniform_control_d10",10,"DBSCAN",1,1,100
88,"uniform_control_d10",10,"HDBSCAN",1,2,63
88,"uniform_control_d10",10,"HDBSCAN",1,3,11
88,"uniform_control_d10",10,"HDBSCAN",1,4,1
88,"uniform_control_d10",10,"SU-MCCD",1,1,1
88,"uniform_control_d10",10,"SU-MCCD",1,2,35
88,"uniform_control_d10",10,"SU-MCCD",1,3,3
88,"uniform_control_d10",10,"SU-MCCD",1,4,1
88,"uniform_control_d10",10,"SUN-MCCD",1,1,6
88,"uniform_control_d10",10,"SUN-MCCD",1,2,92
88,"uniform_control_d10",10,"SUN-MCCD",1,3,2
88,"uniform_control_d10",10,"U-MCCD",1,2,35
88,"uniform_control_d10",10,"U-MCCD",1,3,3
88,"uniform_control_d10",10,"U-MCCD",1,4,1
88,"uniform_control_d10",10,"U-MCCD",1,7,1
88,"uniform_control_d10",10,"UN-MCCD",1,2,97
88,"uniform_control_d10",10,"UN-MCCD",1,3,3
88,"uniform_control_d3",3,"DBSCAN",1,1,100
88,"uniform_control_d3",3,"HDBSCAN",1,2,24
88,"uniform_control_d3",3,"HDBSCAN",1,3,10
88,"uniform_control_d3",3,"HDBSCAN",1,4,11
88,"uniform_control_d3",3,"HDBSCAN",1,5,22
88,"uniform_control_d3",3,"HDBSCAN",1,6,15
88,"uniform_control_d3",3,"HDBSCAN",1,7,11
88,"uniform_control_d3",3,"HDBSCAN",1,8,5
88,"uniform_control_d3",3,"HDBSCAN",1,9,2
88,"uniform_control_d3",3,"SU-MCCD",1,1,23
88,"uniform_control_d3",3,"SU-MCCD",1,2,17
88,"uniform_control_d3",3,"SUN-MCCD",1,1,41
88,"uniform_control_d3",3,"SUN-MCCD",1,2,54
88,"uniform_control_d3",3,"SUN-MCCD",1,3,2
88,"uniform_control_d3",3,"SUN-MCCD",1,4,2
88,"uniform_control_d3",3,"SUN-MCCD",1,5,1
88,"uniform_control_d3",3,"U-MCCD",1,2,40
88,"uniform_control_d3",3,"UN-MCCD",1,1,1
88,"uniform_control_d3",3,"UN-MCCD",1,2,92
88,"uniform_control_d3",3,"UN-MCCD",1,3,2
88,"uniform_control_d3",3,"UN-MCCD",1,4,2
88,"uniform_control_d3",3,"UN-MCCD",1,5,2
88,"uniform_control_d3",3,"UN-MCCD",1,7,1
